id,old_code,new_code,prefix,category,name
2a00c3a0-908f-4ede-8ea6-a1eee44fbe78,ITEM-0001,GEN-0001,GEN,DIAPER_MAIN,"속기저귀"
9218c206-fe32-4028-8ac7-572059a3f567,ITEM-0002,GEN-0002,GEN,DIAPER_MAIN,"겉기저귀 (대)"
0e6f43e7-2408-41c5-87ea-c1266bb0a062,ITEM-0003,GEN-0003,GEN,DIAPER_MAIN,"겉기저귀 (특대)"
bc702188-cb2c-4838-bd12-2447ad24f77b,ITEM-0004,GEN-0004,GEN,DIAPER_MAIN,"이지메트"
09519544-381d-4063-9929-f6231f03a5e7,ITEM-0005,MED-0001,MED,MED_DRESSING,"Guaze (2*2)"
59746798-9d8a-46be-af2c-d09bdfe52bc8,ITEM-0006,MED-0002,MED,MED_DRESSING,"Guaze (3*3)"
0dc95012-e9f6-48ae-afed-03816693b648,ITEM-0007,MED-0003,MED,MED_DRESSING,"Guaze (4*3)"
b311c8f4-93b4-4235-b377-46a91dbab571,ITEM-0008,MED-0004,MED,MED_DRESSING,"Guaze (4*4)"
d2a88199-8053-486a-887f-8515a273e641,ITEM-0009,MED-0005,MED,MED_DRESSING,"탈지면 (4*3/450g)"
1072dbe7-30a1-4a25-99ce-caae122526d6,ITEM-0010,MED-0006,MED,MED_DRESSING,"Cotton Ball (1호/450g)"
f4d87c45-4a53-439b-bbd6-91be72f28335,ITEM-0011,MED-0007,MED,MED_DRESSING,"Cotton Ball (2호/450g)"
798f65bb-748c-4ca0-b556-8cb1e48b77e7,ITEM-0012,MED-0008,MED,MED_DRESSING,"Cotton Ball (3호/450g)"
30bda397-765d-4b09-b74f-5d5f7e5307a5,ITEM-0013,MED-0009,MED,MED_DRESSING,"Cotton Ball/필터볼 (2호/450g)"
42043f9d-6556-4184-bc1f-47fa14f15992,ITEM-0014,MED-0010,MED,MED_DRESSING,"Cotton Ball/필터볼 (3호/450g)"
2528611b-7e07-4104-b6c8-496586db193b,ITEM-0015,MED-0011,MED,MED_DRESSING,"Surgical Pad (18*18*20's)"
8e37fc97-2559-4bd1-8d4f-9cb183268014,ITEM-0016,MED-0012,MED,MED_DRESSING,"Fix roll Tape (10cm*10cm)"
17392066-7f27-46c4-b7f5-30f6a6bc4000,ITEM-0017,MED-0013,MED,MED_DRESSING,"Biopore (실리콘)"
13925d7d-745a-4bac-9782-b7bed3d6b10b,ITEM-0018,MED-0014,MED,MED_DRESSING,"Biopore (부직포)"
892ee3ce-3dc9-402c-b1fc-91c93df25c58,ITEM-0019,MED-0015,MED,MED_DRESSING,"3M micropore (부직포)"
0faec9d0-9119-48c1-a902-42965fa559a6,ITEM-0020,MED-0016,MED,MED_DRESSING,"밴드에스 (1*45's)"
0122bdbf-9216-4ea8-8465-0b03d3985022,ITEM-0021,MED-0017,MED,MED_DRESSING,"탄력붕대(E/B) (3*12's)"
999c6ff5-c70c-48e6-ab4b-f33b63974a14,ITEM-0022,MED-0018,MED,MED_DRESSING,"탄력붕대(E/B) (4*12's)"
86b2ec71-6516-4abf-b30d-3593342dcfc8,ITEM-0023,MED-0019,MED,MED_DRESSING,"탄력붕대(E/B) (6*12's)"
7bbbca90-6c57-4772-99ee-1f629e961181,ITEM-0024,MED-0020,MED,MED_DRESSING,"스프린트 (3"")"
00471ff8-12d8-4578-94a0-4c61d9774a8c,ITEM-0025,MED-0021,MED,MED_DRESSING,"스프린트 (4"")"
e74e672a-e189-4fbe-b063-8558a0e1f081,ITEM-0026,MED-0022,MED,MED_DRESSING,"스프린트 (6"")"
970f31d4-894a-47ba-850b-0de9e92d1c8d,ITEM-0027,MED-0023,MED,MED_DRESSING,"솜붕대 (3"")"
60055e25-182d-4d3c-995a-16dcd77b8403,ITEM-0028,MED-0024,MED,MED_DRESSING,"솜붕대 (4"")"
77aecfdd-52d0-433b-91d6-d5a83f9c2480,ITEM-0029,MED-0025,MED,MED_DRESSING,"솜붕대 (6"")"
8b8d9223-7874-46ae-af79-9339f457d327,ITEM-0030,MED-0026,MED,MED_DRESSING,"3M 테가덤 필름 (CHG 1660R)"
8690555b-8f2c-4440-aad6-9081678cbf57,ITEM-0031,MED-0027,MED,MED_DRESSING,"3M 테가덤 필름 (1626W)"
4c8d6dcd-78ec-4481-b772-783f320da917,ITEM-0032,MED-0028,MED,MED_DRESSING,"장루 판 (413182)"
c8e0b3e7-018c-4cff-800c-f070a0264147,ITEM-0033,MED-0029,MED,MED_DRESSING,"장루 파우치 (401502)"
460360e5-7416-4ee2-a9f5-78c63aa54256,ITEM-0034,MED-0030,MED,MED_DISINFECT,"목설압자 (대/100pcs)"
ab0d425e-b5e7-4e6a-8d4f-5400bce47306,ITEM-0035,MED-0031,MED,MED_DRESSING,"솜면봉 (1*10)"
5123e2a3-8703-42dd-b777-2a83a003e84c,ITEM-0036,MED-0032,MED,MED_DISINFECT,"스킨코튼플러스 (400매)"
d4f6745b-8c15-445c-ad04-bdcbc73b952f,ITEM-0037,MED-0033,MED,MED_DISINFECT,"알콜스왑(70%) (100매)"
a1932868-f1ad-44e4-a0f6-6cff560b9580,ITEM-0038,MED-0034,MED,MED_INJECTION,"D/Syringe (1cc/26G)"
8284c45d-bed7-4955-b913-145ed382a7ac,ITEM-0039,MED-0035,MED,MED_INJECTION,"D/Syringe (3cc/23G)"
b604f786-ace2-4f52-b5c0-e5232c0f32cd,ITEM-0040,MED-0036,MED,MED_INJECTION,"D/Syringe (5cc/23G)"
8bc51cf6-5e36-44b7-9d33-3531a801195d,ITEM-0041,MED-0037,MED,MED_INJECTION,"D/Syringe (10cc/23G)"
75a7b56e-de4c-4601-a7e2-77587d057e8c,ITEM-0042,MED-0038,MED,MED_INJECTION,"D/Syringe (20cc/23G)"
78717ff9-f3c6-4f24-ab5c-ff95ad6227a8,ITEM-0043,MED-0039,MED,MED_INJECTION,"채혈주사기 (5cc/23G)"
f0c00211-13a0-40cb-8589-fe3b333d8dd6,ITEM-0044,MED-0040,MED,MED_INJECTION,"채혈주사기 (10cc/21G)"
962dc9af-baf6-4d0e-9f1b-b3c9c80a7028,ITEM-0045,MED-0041,MED,MED_INJECTION,"Enema Syringe (60cc)"
2c1aa614-f13c-4118-b23c-0e18600f6e6d,ITEM-0046,MED-0042,MED,MED_INJECTION,"D/Needle (18G)"
b0fed9ef-56b4-4c65-961d-d91de07baf96,ITEM-0047,MED-0043,MED,MED_INJECTION,"D/Needle (23G)"
b5276817-d2c7-4194-92cd-7c3b941a0d66,ITEM-0048,MED-0044,MED,MED_INJECTION,"Dosi Flow(MLS-32)"
33248a1f-8573-42d1-a17c-5c6c60be64af,ITEM-0049,MED-0045,MED,MED_INJECTION,"I.V Set(MLS-11) (110/무침)"
f91a12e9-9c73-4814-9ba7-53a68ae6e05b,ITEM-0050,MED-0046,MED,MED_INJECTION,"I.V Set(MLS-24) (122 Y-type)"
ac6aae28-3861-481d-b6f7-f91f5105ffd1,ITEM-0051,MED-0047,MED,MED_INJECTION,"Medicut(한백) (18G)"
59579e1d-e3a7-46a7-859e-f4bbd9d4c0b2,ITEM-0052,MED-0048,MED,MED_INJECTION,"Medicut(한백) (22G)"
892ef782-b865-49b4-8c81-167d21cb0f14,ITEM-0053,MED-0049,MED,MED_INJECTION,"Medicut(한백) (24G)"
0ff3d034-ce96-45b9-b4a3-07ee22161e08,ITEM-0054,MED-0050,MED,MED_INJECTION,"Heparine Cap (1*100)"
111f082b-eac6-43a3-b143-2a956021908b,ITEM-0055,MED-0051,MED,MED_INJECTION,"novo fine (32G)"
e7d568f5-8402-47ce-898d-6bb3c9bf8be1,ITEM-0056,MED-0052,MED,MED_SURGICAL,"TWO-lumen cvc (7Fr)"
12dee1c9-2d2a-403e-a7fe-a273b26bc30a,ITEM-0057,MED-0053,MED,MED_INJECTION,"I.V CATH (18G(45mm))"
4a2b914c-4904-4aa3-a4e0-24bec18e9d27,ITEM-0058,MED-0054,MED,MED_CATHETER,"Urine Bag"
e87a3ccd-8cb3-4dcc-ace5-e48ec03c3e5b,ITEM-0059,MED-0055,MED,MED_CATHETER,"S/Foley Cath (12Fr)"
4fe7d577-7613-417a-a004-c28a129a912e,ITEM-0060,MED-0056,MED,MED_CATHETER,"S/Foley Cath (14Fr)"
3df41c7f-3f61-4d3b-9da6-6616840d6eac,ITEM-0061,MED-0057,MED,MED_CATHETER,"S/Foley Cath (16Fr(3way))"
519d8880-0abf-4021-a8ca-2189d5a23bb2,ITEM-0062,MED-0058,MED,MED_CATHETER,"S/Foley Cath (16Fr)"
873e6e2c-fba8-45b6-be04-0aace0d0a0c1,ITEM-0063,MED-0059,MED,MED_CATHETER,"S/Foley Cath (18Fr)"
f0cea8d4-1ba4-4781-8c3f-1e5114d7b5c6,ITEM-0064,MED-0060,MED,MED_CATHETER,"S/Foley Cath (20Fr)"
12faf76d-3f39-4098-9f4d-b42dc2182080,ITEM-0065,MED-0061,MED,MED_CATHETER,"S/Foley cath (22Fr)"
a342d5ab-1040-4c0c-b8aa-3963a7c6417e,ITEM-0066,MED-0062,MED,MED_CATHETER,"S/Foley cath (24Fr)"
2ebbf9d7-ebc4-46fb-a794-969054b83db8,ITEM-0067,MED-0063,MED,MED_CATHETER,"Nelaton Cath (6Fr)"
f8f47055-557a-4e32-bb98-74c913cb4940,ITEM-0068,MED-0064,MED,MED_CATHETER,"Nelaton Cath (7Fr)"
54748e06-50b8-450f-aca0-85bbdd21a690,ITEM-0069,MED-0065,MED,MED_CATHETER,"Nelaton Cath (8Fr)"
10b4fdf4-15b7-4785-96fc-cf8a80233a0a,ITEM-0070,MED-0066,MED,MED_CATHETER,"Rectal Tube (28Fr)"
264eee43-187f-454a-8f01-1be4e404f6d6,ITEM-0071,MED-0067,MED,MED_CATHETER,"Levin Tube (14Fr)"
f595beb2-7bc5-42b1-81ec-f3625e6583fc,ITEM-0072,MED-0068,MED,MED_CATHETER,"Levin Tube (16Fr)"
9163aed1-4243-46ae-b7c7-27434376bc6f,ITEM-0073,MED-0069,MED,MED_CATHETER,"Levin Tube (18Fr)"
08e6d924-1426-44db-bd9f-3a73cec383da,ITEM-0074,MED-0070,MED,MED_CATHETER,"Suction Tip(일체형) (12Fr)"
949c7118-7171-45e4-a2a1-03e7ea045245,ITEM-0075,MED-0071,MED,MED_CATHETER,"Suction Tip(일체형) (14Fr)"
c330f0c4-ef6c-4130-8f1a-5a5d5fe24147,ITEM-0076,MED-0072,MED,MED_CATHETER,"Suction Tip(일체형) (16Fr)"
0581b11e-a562-489d-9258-787f4a71c529,ITEM-0077,MED-0073,MED,MED_CATHETER,"Suction Tip(일체형) (18Fr)"
f745194a-59a4-4a35-976f-2e4fce245793,ITEM-0078,MED-0074,MED,MED_CATHETER,"Suction line"
41956ccd-e205-4043-ba52-f6a7c5e387d2,ITEM-0079,MED-0075,MED,MED_CATHETER,"Connector (I-Type)"
00553598-0f94-494a-9bd3-09441d809460,ITEM-0080,MED-0076,MED,MED_CATHETER,"Connector (Y-Type)"
ce2f4788-fcd4-4ea3-ab16-02f45c80e9dd,ITEM-0081,MED-0077,MED,INFECT_GLOVE,"Surgical Glove (L)"
6ba92a16-663a-4578-afd7-a504574af969,ITEM-0082,MED-0078,MED,INFECT_GLOVE,"Surgical Glove (M)"
d993f7ff-82c0-4b65-97a3-cfbea44ef629,ITEM-0083,MED-0079,MED,INFECT_GLOVE,"Surgical Glove (S)"
11606110-301d-4ba0-bf61-a865df43e448,ITEM-0084,MED-0080,MED,MED_DISINFECT,"E.K.G. Paper"
80ea4266-5129-484a-a095-5ef40c730629,ITEM-0085,MED-0081,MED,MED_DRESSING,"EKG Electrode (Skintact)"
1b77058a-0d84-4a09-a105-46316b43abba,ITEM-0086,MED-0082,MED,MED_AIRWAY,"T-Tube (6)"
9feab050-ce2f-49ba-be33-1b0cf5026ba0,ITEM-0087,MED-0083,MED,MED_AIRWAY,"T-Tube (6.5)"
6700313d-154d-408c-bf6f-33bcbcc14e7a,ITEM-0088,MED-0084,MED,MED_AIRWAY,"T-Tube (7)"
58f9c070-b8f0-4615-b394-227f9bbd15f7,ITEM-0089,MED-0085,MED,MED_AIRWAY,"T-Tube (7.5)"
edb5f09e-53b8-4ba7-afa0-753ba9e33bfc,ITEM-0090,MED-0086,MED,MED_AIRWAY,"T-tube (8)"
7cdadc36-c903-4172-a50d-237b1a883921,ITEM-0091,MED-0087,MED,MED_AIRWAY,"Speechcannuia (9)"
e06943a6-a460-47b6-be7c-7c560b3160e7,ITEM-0092,MED-0088,MED,MED_AIRWAY,"Speechcannuia (10)"
26929cdc-1b0b-4a16-af9f-09fddf746aa9,ITEM-0096,MED-0089,MED,MED_CATHETER,"T-piece"
62165420-e0c7-4345-9354-1c6ec384d933,ITEM-0097,MED-0090,MED,MED_AIRWAY,"O2 Mask (성인)"
ceace275-fb8c-4f91-8f43-6c5cfb3bd97c,ITEM-0098,MED-0091,MED,MED_AIRWAY,"O2 Mask (소아용)"
f24d8c15-9564-4571-a826-46ea353d1d78,ITEM-0099,MED-0092,MED,MED_AIRWAY,"Nasal Cannular (240cm(green))"
b555f23a-18a0-4d89-9086-6bc4d1a02f49,ITEM-0100,MED-0093,MED,MED_AIRWAY,"Nasal Cannular (소아용)"
30c9d825-145e-4473-9009-838b4a0905ca,ITEM-0101,MED-0094,MED,MED_AIRWAY,"Nebuilzer Kit (#8900(k4200008))"
a7fc4f35-5510-4b3f-9df4-d907d7247daa,ITEM-0102,MED-0095,MED,MED_AIRWAY,"Nebuilzer Mask"
b3fbcb7e-e4e8-4469-87a8-065e3d5cfc6f,ITEM-0103,MED-0096,MED,MED_AIRWAY,"O2 LINE"
0415f560-3055-4c64-ae04-275711b0849b,ITEM-0104,MED-0097,MED,MED_AIRWAY,"BREATHING SET"
e8dee48a-4e1d-4512-93ca-8895521de9dc,ITEM-0105,MED-0098,MED,MED_DISINFECT,"3m indicator (1322-24mm)"
e4d81aa2-4e1f-4463-a4aa-1b2d061f1d87,ITEM-0106,MED-0099,MED,MED_DISINFECT,"수성 indicator (1322-24mm)"
d0028a60-304c-43c9-ac1e-8d5654d3a12e,ITEM-0107,MED-0100,MED,MED_DISINFECT,"Steam cemicl (indicator)"
78509b82-e158-45c5-8846-142f0a0b5b19,ITEM-0108,MED-0101,MED,MED_INJECTION,"3-Way"
4569664a-775d-40f3-a0de-6b3878a97cb8,ITEM-0109,MED-0102,MED,MED_HANBANG,"동서미니뜸 (180's)"
6d706206-7e6e-45be-aea0-7e50683ca9d3,ITEM-0110,MED-0103,MED,MED_HANBANG,"동방침 (0.20*30mm)"
c9637c31-a58b-4e33-a16f-530b187cbe25,ITEM-0111,MED-0104,MED,MED_HANBANG,"동방침 (0.25*30mm)"
767ade42-78c0-4518-bbb3-e262810a7cb8,ITEM-0112,MED-0105,MED,MED_SURGICAL,"봉합사(NYLON) (3)"
20a5b98f-1069-45e9-ae08-aa3fbef37458,ITEM-0113,MED-0106,MED,MED_SURGICAL,"봉합사(NYLON) (4)"
ff0fbc16-4650-443f-b2ab-fb4b4103c593,ITEM-0114,MED-0107,MED,MED_SURGICAL,"봉합사(NYLON) (5)"
20ef1ca3-8864-4452-ac73-6d3a7a9219d0,ITEM-0115,MED-0108,MED,MED_DISINFECT,"biological indicator (1262/100's)"
0db53b26-9295-4bfb-81cc-5be5445e5d3a,ITEM-0116,MED-0109,MED,MED_DISINFECT,"SEP Steam Label (indicator)"
37352297-eda4-4241-8dfd-4ee22cbd365b,ITEM-0117,MED-0110,MED,MED_CATHETER,"Surgical Jelly (120g)"
b4c3f7b5-b0aa-438a-9203-735095bfd8cd,ITEM-0118,MED-0111,MED,MED_DISINFECT,"손소독제"
8f1eb529-5327-41ac-9eec-3dd1274d53e5,ITEM-0119,MED-0112,MED,MED_DISINFECT,"뉴젠"
8c96f839-08b2-4d5b-ad97-d48c1f16ff15,ITEM-0120,MED-0113,MED,MED_DISINFECT,"과산화수소 (250ml)"
1dc725ce-7256-42e0-b7a6-627e7a787d28,ITEM-0121,MED-0114,MED,MED_DISINFECT,"염화벤잘코늄 (1L)"
cd489945-43ee-49e6-abec-e99973d5ba31,ITEM-0122,MED-0115,MED,MED_DISINFECT,"아세톤 (100ml)"
43556a84-d481-412f-9343-ca506ef7174f,ITEM-0123,MED-0116,MED,MED_DISINFECT,"알코올 (1L)"
944134cd-e600-4f09-a30c-1bd03be324ea,ITEM-0124,MED-0117,MED,MED_DISINFECT,"에탄올 (18L)"
12ea600a-4074-477b-a17d-abecdb2d7005,ITEM-0125,MED-0118,MED,MED_HANBANG,"쑥봉지"
2653ef47-8a23-4213-8c83-ba87e65be2e2,ITEM-0126,MED-0119,MED,MED_CATHETER,"바일백"
e9b0101a-6287-426b-8dfb-6d7c4ee5201e,ITEM-0127,MED-0120,MED,MED_SURGICAL,"SURECAN SAFETY (20G)"
55963740-e81f-45bd-b61e-067206b6715b,ITEM-0128,MED-0121,MED,MED_AIRWAY,"M-VAC (2Way)"
de130498-8bb1-450c-917d-d7edf1dd0367,ITEM-0129,MED-0122,MED,MED_AIRWAY,"TRACOE (REF320 7#)"
24a81f4c-9d37-42bf-9d05-b5bdafc4d922,ITEM-0130,MED-0123,MED,INFECT_GLOVE,"Poly glove"
6afd7fff-823d-4d2a-9070-7e93e47d4738,ITEM-0131,EQP-0001,EQP,EQUIP_ACCESSORY,"체온계 캡"
9a764c36-48c7-431a-af05-b5af94dc4c20,ITEM-0132,MED-0124,MED,MED_INJECTION,"투약병 (30㎖)"
0e6a441b-d634-4375-8925-23f7f645bcd6,ITEM-0133,MED-0125,MED,MED_INJECTION,"투약병 (60㎖)"
d21f9c28-b111-430b-85c9-b0d258ad4458,ITEM-0134,MED-0126,MED,MED_INJECTION,"투약병 (100㎖)"
00568c4e-b2b5-434c-bd85-3b56b57dd3a2,ITEM-0135,MED-0127,MED,MED_INJECTION,"토니켓 (4호)"
ed3b5ec3-840a-47ea-b5ca-cc7bfe4d9409,ITEM-0136,MED-0128,MED,MED_AIRWAY,"ENDO TUBE (6)"
9a8da71b-59bf-49c2-9de6-23354c734c52,ITEM-0137,MED-0129,MED,MED_AIRWAY,"ENDO TUBE (6.5)"
3e646381-ae77-474d-9047-beb31d02878d,ITEM-0138,MED-0130,MED,MED_AIRWAY,"ENDO TUBE (7)"
a621e0f0-4543-4e17-baf5-2b237d12778a,ITEM-0139,MED-0131,MED,MED_AIRWAY,"ENDO TUBE (7.5)"
7743ca05-8923-42b1-be98-51bd08bcbd0c,ITEM-0140,MED-0132,MED,MED_AIRWAY,"ENDO TUBE (8)"
e176ffc3-159b-40ec-b025-5f36c0165d7b,ITEM-0141,MED-0133,MED,MED_AIRWAY,"STYLET"
d519bc2e-6c05-4bf1-aa43-166b36303d90,ITEM-0142,MED-0134,MED,MED_AIRWAY,"LARYNGO SCOPY (대)"
f0af2dec-0e20-436d-ab0e-48f1393b484b,ITEM-0143,EQP-0002,EQP,EQUIP_ACCESSORY,"AED 패드"
651c7cd7-dd3c-4636-a955-91698154f3df,ITEM-0144,EQP-0003,EQP,EQUIP_AID,"청진기 (단면)"
fcad5ee7-b41a-4bed-86c4-d564ce46b697,ITEM-0145,EQP-0004,EQP,EQUIP_AID,"Iris Scissors"
66179f0b-bbcd-467d-9634-01e79b96e7b4,ITEM-0146,MED-0135,MED,MED_HANBANG,"부항 (1호)"
1d4e551b-3d89-47ce-b68c-ce453e2e0d52,ITEM-0147,MED-0136,MED,MED_HANBANG,"부항 (3호)"
39fc6ee6-fb57-44f3-a423-5467115db137,ITEM-0148,MED-0137,MED,MED_SURGICAL,"surgical blade (no.10)"
e81ac5c3-6795-4a36-9e74-fe6b2e1ef3db,ITEM-0149,MED-0138,MED,MED_SURGICAL,"surgical blade (no.11)"
85fb08d5-2552-4a15-8afc-2e02ceae547d,ITEM-0150,EQP-0005,EQP,EQUIP_AID,"Focep (16cm)"
48a422f5-93bc-4487-9911-a0a70c35b2ab,ITEM-0151,MED-0139,MED,MED_HANBANG,"절사"
a896e919-518d-4f7d-ab83-e3e17ad33d9c,ITEM-0152,GEN-0005,GEN,PAT_BAG,"크린백"
87241889-c313-4675-a5d8-7bdb7332bfb6,ITEM-0153,GEN-0006,GEN,PAT_BAG,"지퍼백"
4e462d7f-da90-44e0-9028-710692bea45e,ITEM-0154,GEN-0007,GEN,PAT_HYGIENE,"수건"
26c432c6-0404-4ea6-bc6f-e5f184754899,ITEM-0155,GEN-0008,GEN,PAT_HYGIENE,"안면수건"
626f5426-fef6-4e1b-9e47-117712b15a29,ITEM-0156,GEN-0009,GEN,FAC_KIT_TOOL,"행주"
ffccaeaf-d14e-4634-a9a7-fdc5a5ca6b05,ITEM-0157,GEN-0010,GEN,PAT_HYGIENE,"샴푸"
2516ab0f-4970-4ac3-a625-c20d033a0bd5,ITEM-0158,GEN-0011,GEN,PAT_HYGIENE,"치약"
90b7d081-42ed-4e8b-8fa9-fca6d417af12,ITEM-0159,GEN-0012,GEN,PAT_HYGIENE,"세수비누"
6b724ea2-f78e-40e2-9b27-dd824ec3e3c8,ITEM-0160,GEN-0013,GEN,FAC_DETERGENT,"빨래비누"
d1021751-020a-4bc3-aa03-dd996a3e61db,ITEM-0161,GEN-0014,GEN,PAT_HYGIENE,"거품타월"
6d65c51b-1307-48d0-abcb-ef531ae8c325,ITEM-0162,GEN-0015,GEN,FAC_SPONGE,"수세미"
8ef2eaf6-724f-4534-b95c-af9465d96522,ITEM-0163,GEN-0016,GEN,FAC_SPONGE,"철수세미"
9d4ff321-34e9-487e-b015-3ec2388f87b0,ITEM-0164,GEN-0017,GEN,FAC_KIT_TOOL,"고무장갑(적) 악어 (대)"
e08fcc84-853d-40cf-9b25-c86dadb7ad82,ITEM-0165,GEN-0018,GEN,FAC_KIT_TOOL,"고무장갑(빨강) (중)"
829d6251-595d-467d-804b-08fca7b881c1,ITEM-0166,GEN-0019,GEN,FAC_KIT_TOOL,"고무장갑(노랑) (소)"
3edb5d9f-c1b0-4a73-ba01-12e0fb2ff209,ITEM-0167,GEN-0020,GEN,FAC_KIT_TOOL,"고무장갑(분홍) (중)"
99703303-a0a5-4803-887d-564a4f7af9b0,ITEM-0168,GEN-0021,GEN,FAC_KIT_TOOL,"고무장갑(아이보리) (중)"
a46493d3-811a-4877-b155-d54c4651d1cd,ITEM-0169,GEN-0022,GEN,FAC_DISH,"종이컵"
e86e06bc-84ca-4584-8397-8aef31bf7a51,ITEM-0170,GEN-0023,GEN,PAT_BAG,"쓰레기봉투 (파랑)"
c027dae5-8e5a-4965-a839-26aba4d7aa56,ITEM-0171,GEN-0024,GEN,PAT_BAG,"쓰레기봉투 (흑색)"
560a6b7e-9b86-4b3d-a3c7-43c378f9e0bb,ITEM-0172,GEN-0025,GEN,FAC_TOOL,"분무기"
7d10f327-1702-4bf1-8bee-b91dcbf6a596,ITEM-0173,GEN-0026,GEN,FAC_PEST,"홈키파 에어졸"
d4912218-efa5-4b0d-8025-c669b5974f9b,ITEM-0174,GEN-0027,GEN,PAT_PAPER,"점보롤"
1ca899f4-a3e0-4ba9-8bb1-455a45d01a9a,ITEM-0175,GEN-0028,GEN,FAC_KIT_TOOL,"점기사장갑"
b20ed5ca-4659-4e0a-b98c-0437b1e7bc79,ITEM-0176,GEN-0029,GEN,PAT_HYGIENE,"줄기사장갑"
4328f19c-9371-45bc-8e42-95dc3e76516e,ITEM-0177,GEN-0030,GEN,PAT_PAPER,"키친타올"
19480f56-5a8a-4430-90c9-62b94a177995,ITEM-0178,GEN-0031,GEN,PAT_HYGIENE,"바디클렌져"
92a45906-152c-49e2-b4c0-2cb154769169,ITEM-0179,GEN-0032,GEN,PAT_HYGIENE,"바디로션"
ca626144-7983-4df0-bb1e-49e951964dba,ITEM-0180,GEN-0033,GEN,FAC_DETERGENT,"세탁세제"
5992ba30-3f84-479d-9539-bbb4270b3125,ITEM-0181,GEN-0034,GEN,FAC_TOOL,"극세사 손걸레"
1c8cec4e-574e-4edf-90d9-e734de4e2fa6,ITEM-0182,GEN-0035,GEN,PAT_HYGIENE,"식이앞치마"
1782379a-29fa-4e8e-af09-939869710568,ITEM-0183,GEN-0036,GEN,FAC_KIT_TOOL,"식가위"
7a004971-d927-443e-ab23-599938dad1dc,ITEM-0184,GEN-0037,GEN,FAC_TOOL,"갈대빗자루"
d42f8a79-955c-4931-a8a1-a3a5fdb97b17,ITEM-0185,GEN-0038,GEN,FAC_TOOL,"밀걸레"
478620c4-f97b-4f19-91f3-d0c34f495447,ITEM-0186,OFF-0001,OFF,OFF_BATTERY,"건전지 (AA)"
21e9d9b1-3dcf-42e4-8afa-1946d618cdc6,ITEM-0187,OFF-0002,OFF,OFF_BATTERY,"건전지 (AAA)"
0805edd8-9f12-48ad-9c47-f19a7271279c,ITEM-0188,GEN-0039,GEN,FAC_DETERGENT,"퐁퐁"
766bd6fc-a70e-4789-8d3c-ccc459c3a30b,ITEM-0189,GEN-0040,GEN,FAC_DETERGENT,"락스"
9b3c9127-bf3d-405c-9141-52249276f762,ITEM-0190,GEN-0041,GEN,FAC_TOOL,"변기솔"
6bbbf710-756c-49e9-927f-b91845cdb3c6,ITEM-0191,GEN-0042,GEN,FAC_TOOL,"물병솔"
4ef25be0-e3cd-4a6c-90da-9100f3528db2,ITEM-0192,GEN-0043,GEN,PAT_PAPER,"핸드타올"
ce8a1134-cf4f-4e54-b898-6280648cbe6e,ITEM-0193,GEN-0044,GEN,PAT_PAPER,"냅킨"
22dc8e7a-eab5-48a1-ae48-bcaeb88ef30b,ITEM-0194,GEN-0045,GEN,PAT_HYGIENE,"니트릴장갑 (M)"
424a5840-6876-46e0-952b-949fe314ff85,ITEM-0195,GEN-0046,GEN,PAT_HYGIENE,"니트릴장갑 (L)"
7f29e0da-c2ee-45f0-8746-62bcf120a908,ITEM-0196,GEN-0047,GEN,PAT_HYGIENE,"니트릴장갑 (S)"
11633051-37e6-4136-a1bd-e29396d5b21e,ITEM-0197,GEN-0048,GEN,FAC_KIT_TOOL,"방수앞치마(곤색) (대)"
127ed20a-7c29-40aa-b880-4b9e708d10af,ITEM-0198,GEN-0049,GEN,FAC_KIT_TOOL,"방수앞치마(적색) (대)"
9cb1561a-69c4-4085-aebd-115363bd9613,ITEM-0199,OFF-0003,OFF,OFF_STN_OTHER,"고무줄"
27d8b25b-fb78-4d98-ba8c-8be4e75e0439,ITEM-0200,GEN-0050,GEN,PAT_HYGIENE,"손톱깍이 (대형)"
42aceab9-a7bb-4926-af24-ce9f7b72137c,ITEM-0201,GEN-0051,GEN,PAT_HYGIENE,"발톱깍기 (대형)"
78a5692f-329e-41a6-b4c0-aaadb78d44cf,ITEM-0202,GEN-0052,GEN,PAT_HYGIENE,"가글"
5e1d16d6-58e7-4c5a-aca8-859f3eb94e59,ITEM-0203,GEN-0053,GEN,FAC_TOOL,"쓰레받기"
4af80c80-59f3-4fc2-aba6-4abdd7e368ae,ITEM-0204,GEN-0054,GEN,FAC_KIT_TOOL,"고무장화 (230)"
a868c22e-6231-4f64-9117-8181ec46a7b9,ITEM-0205,GEN-0055,GEN,FAC_KIT_TOOL,"고무장화 (235)"
5ac71740-ab92-422f-8a82-321e97a89242,ITEM-0206,GEN-0056,GEN,FAC_KIT_TOOL,"고무장화 (240)"
5b994c8b-9d9f-46b7-a118-76af2a6a9b84,ITEM-0207,GEN-0057,GEN,FAC_KIT_TOOL,"고무장화 (245)"
4d4010ae-599a-4921-a243-01718f37dc91,ITEM-0208,GEN-0058,GEN,FAC_KIT_TOOL,"고무장화 (250)"
57353990-886b-4e50-912d-17eb5d625ad0,ITEM-0209,GEN-0059,GEN,FAC_KIT_TOOL,"고무장화 (255)"
0247b22a-02ec-4d28-a784-639e9122b18f,ITEM-0210,GEN-0060,GEN,FAC_KIT_TOOL,"고무장화 (260)"
22eeaadf-99d2-471e-93fa-3243ba40528f,ITEM-0211,GEN-0061,GEN,FAC_KIT_TOOL,"고무장화 (265)"
a66590c5-8aa6-4f28-b4fe-cee5c522921b,ITEM-0212,GEN-0062,GEN,FAC_KIT_TOOL,"고무장화 (270)"
ebf70fdc-49e5-4e5b-9677-438cbb7c1763,ITEM-0213,GEN-0063,GEN,FAC_KIT_TOOL,"고무장화 (275)"
30f2f596-9150-495d-b948-5daa6db5aee2,ITEM-0214,GEN-0064,GEN,FAC_KIT_TOOL,"고무장화 (280)"
9426548d-95f6-443f-a999-972cbe8c6022,ITEM-0215,GEN-0065,GEN,FAC_KIT_TOOL,"고무장화 (285)"
2e348dd7-f70a-408d-8cf0-57a476fd29a1,ITEM-0216,GEN-0066,GEN,FAC_KIT_TOOL,"고무장화 (290)"
fa0e37e9-7a02-45c7-b8a3-f51e2cf502e1,ITEM-0217,GEN-0067,GEN,FAC_SPONGE,"3M수세미"
1aca3102-d036-4a87-9bd2-6fb8b89de164,ITEM-0218,GEN-0068,GEN,PAT_HYGIENE,"일회용 샤워타월"
575a76ee-6692-47ee-bbb1-c11d012c5b7b,ITEM-0219,MED-0140,MED,INFECT_MASK,"덴탈마스크 (파랑)"
51309ae4-be88-40cb-8247-2585d678f25b,ITEM-0220,MED-0141,MED,INFECT_MASK,"덴탈마스크 (흰색)"
42012000-c638-4c3d-a8b4-5271508aa41c,ITEM-0221,GEN-0069,GEN,FAC_KIT_TOOL,"방수앞치마(남색) (대)"
43310e2b-3698-41e1-9536-088ccd560fa7,ITEM-0222,GEN-0070,GEN,FAC_KIT_TOOL,"방수앞치마(검정) (대)"
741ef128-1fb8-4494-bebf-544a6d45e2ac,ITEM-0223,GEN-0071,GEN,FAC_KIT_TOOL,"방수앞치마(노랑) (대)"
9cba6f18-9129-4e92-a0a1-53af0d109c6c,ITEM-0224,GEN-0072,GEN,FAC_KIT_TOOL,"방수앞치마(핑크) (대)"
6a7176a5-bee3-4ba6-bb95-c7055ed791ff,ITEM-0225,GEN-0073,GEN,FAC_KIT_TOOL,"방수앞치마(보라) (대)"
7a54ec1e-22d3-479b-a1e2-f126debeeb51,ITEM-0226,GEN-0074,GEN,FAC_KIT_TOOL,"방수앞치마(오렌지) (대)"
d2980464-44de-45fa-8562-22da9fc109f5,ITEM-0227,GEN-0075,GEN,FAC_KIT_TOOL,"방수앞치마(녹색) (대)"
dae99de5-e7be-4619-a856-7800d986c69f,ITEM-0228,GEN-0076,GEN,FAC_KIT_TOOL,"방수앞치마(은색) (대)"
e656fe64-cfe8-47ec-92b3-ce3fe30ec554,ITEM-0229,GEN-0077,GEN,FAC_DISH,"종이컵 (8온스)"
ab7e3064-2bb8-48b2-99af-30f9926d870e,ITEM-0230,GEN-0078,GEN,FAC_DISH,"종이컵 (20온스)"
328d10bc-dcd8-4adf-843d-cd3e7e123758,ITEM-0231,GEN-0079,GEN,FAC_KIT_TOOL,"독일행주"
bce9a455-b33b-443d-9158-b9b24fef7848,ITEM-0232,MED-0142,MED,MED_DISINFECT,"롤 크라프트지"
5ec112af-5278-46e1-9a97-900b5b771319,ITEM-0233,GEN-0080,GEN,FAC_KIT_TOOL,"칼갈이"
02310e4c-1cf1-43c6-82c1-950cd6bd47f9,ITEM-0234,GEN-0081,GEN,FAC_TOOL,"다달트 밀걸레"
efae6143-6eb1-4338-8403-ad197bf6baec,ITEM-0235,GEN-0082,GEN,FAC_TOOL,"다달트 밀걸레대"
3edb1b98-bce9-4cf6-952f-be8510ca9351,ITEM-0236,GEN-0083,GEN,FAC_DISH,"아이스크림 스푼"
6bae9b5b-5883-4494-9d04-8fcd3de66a1f,ITEM-0237,GEN-0084,GEN,PAT_PAPER,"물티슈"
25b5ca75-e3a7-4ab5-b474-2563f3883729,ITEM-0238,MED-0143,MED,MED_HANBANG,"목초액"
fda7366f-9843-47a3-b930-da833417caaa,ITEM-0239,GEN-0085,GEN,FAC_DETERGENT,"워셔액"
4ceb7096-fefd-4c00-8990-8226ef51e8c9,ITEM-0240,GEN-0086,GEN,FAC_DETERGENT,"락스500ml"
9125e387-6db9-4377-a127-4698e2274406,ITEM-0241,GEN-0087,GEN,PAT_HYGIENE,"칫솔"
d69d4391-d7d1-4a4f-871b-35dae70df3e9,ITEM-0242,GEN-0088,GEN,PAT_HYGIENE,"천앞치마"
aa78ea14-92d7-4967-be51-4ecc84970eef,ITEM-0244,GEN-0089,GEN,FAC_TOOL,"먼지털이"
45596cea-7b7c-467e-a30a-2289450ae7ec,ITEM-0245,GEN-0090,GEN,FAC_TOOL,"극세사걸레"
f7665171-cf9a-4750-8f8e-d25ce5e50d0b,ITEM-0246,GEN-0091,GEN,FAC_TOOL,"극세사밀걸레 (90cm)"
a30b4dcf-25e5-4948-8a8f-e26b3f4926a4,ITEM-0247,GEN-0092,GEN,FAC_DETERGENT,"다목적세정제"
997ee5a4-f94d-4fa7-a14d-702ac19720e2,ITEM-0248,GEN-0093,GEN,FAC_DETERGENT,"유리세정제"
2f113da4-1a5e-43e6-b2df-790eaf6a0322,ITEM-0249,GEN-0094,GEN,FAC_DETERGENT,"소변기/하수구세정제"
f4fc0467-15db-4351-a5db-e307c28b552a,ITEM-0250,GEN-0095,GEN,PAT_PAPER,"각티슈"
bdec8d5c-d3e2-4248-bd3a-bf25ae806737,ITEM-0251,OFF-0004,OFF,OFF_CUTTING,"본드"
16449444-ceae-457f-a98f-54aa85cc2d95,ITEM-0252,MED-0144,MED,INFECT_MASK,"위생마스크"
8806bd10-a768-4309-bb1a-b00522065aef,ITEM-0253,OFF-0005,OFF,OFF_BATTERY,"건전지 (CR2032)"
0749737f-2aca-4a03-943f-308df25ffbb7,ITEM-0254,OFF-0006,OFF,OFF_BATTERY,"건전지 (LR41)"
c3140454-6a39-4950-8f14-2f143630d0f8,ITEM-0255,OFF-0007,OFF,OFF_BATTERY,"건전지 (LR44)"
0e397cb3-5172-43b8-ae0b-646f3fa1e4b4,ITEM-0256,OFF-0008,OFF,OFF_BATTERY,"건전지 (R20 D)"
d1de6da7-e76c-42cf-b83f-d9a55208dfc6,ITEM-0257,EQP-0006,EQP,EQUIP_ACCESSORY,"침대명찰"
0eeea620-07a6-4712-adb4-ff1ca5e08c76,ITEM-0258,MED-0145,MED,INFECT_GOWN,"일회용 앞치마"
ae0f43ba-1416-454e-b35b-64f75eaca9bb,ITEM-0259,MED-0146,MED,INFECT_GOWN,"일회용 비닐가운"
e7fb90e7-d8a7-4060-a3f9-5442be1ee6b3,ITEM-0260,GEN-0096,GEN,FAC_DISH,"정수기 물컵"
1a497405-bf30-4f3f-b023-1a5b2c8daf7a,ITEM-0271,GEN-0097,GEN,PAT_HYGIENE,"칫솔/치약세트"
4a38a64b-e92a-47ce-a09f-3942d06004d2,ITEM-0272,GEN-0098,GEN,FAC_PEST,"습기제거제"
0633b32f-bdf9-4030-9f99-806f39f97c02,ITEM-0273,GEN-0099,GEN,PAT_BAG,"우의"
6747f744-5076-4f43-bd72-21c4e6b9d123,ITEM-0276,EQP-0007,EQP,EQUIP_LIVING,"자석비누 홀더"
5dfdc702-5130-470e-9b7d-caf6cc58c30b,ITEM-0277,GEN-0100,GEN,PAT_HYGIENE,"발톱 니퍼"
e1fc84ff-8822-4136-bbd0-789ad9f00915,ITEM-0278,GEN-0101,GEN,FAC_PEST,"홈메트 리쿼드"
2abb07ef-087a-45ee-9508-6fc0de8671ff,ITEM-0279,GEN-0102,GEN,FAC_DISH,"일회용 숟가락"
c70b3457-a695-49f1-a9e8-329df6818ded,ITEM-0280,GEN-0103,GEN,FAC_DISH,"일회용 젓가락"
77d8a2b0-00b4-4150-a6db-c35a1762f2cb,ITEM-0281,GEN-0104,GEN,PAT_BAG,"일회용 우산비닐"
fcb1f456-7553-4ace-891f-dbb48ce9f646,ITEM-0282,MED-0147,MED,INFECT_GOWN,"일회용 헤어캡"
50dbb111-f8b1-4839-985c-875c2ca6276d,ITEM-0283,GEN-0105,GEN,FAC_DISH,"일회용 식탁보"
7f4d1be5-ea9c-4fd3-abdb-c872cca5308c,ITEM-0286,EQP-0008,EQP,EQUIP_AID,"유리알콜램프"
b88022e7-f4a3-4d74-ac69-236e0a805d40,ITEM-0287,EQP-0009,EQP,EQUIP_AID,"유리알콜램프 뚜껑"
61455a00-c41b-4879-a3e0-67369eb97e33,ITEM-0288,EQP-0010,EQP,EQUIP_AID,"유리알콜램프 심지꽂이"
43675cba-4493-455d-946e-01230563a1f9,ITEM-0289,EQP-0011,EQP,EQUIP_ACCESSORY,"억제대"
0b943acb-0c2d-431a-9f6d-ca6cbc7e1243,ITEM-0290,GEN-0106,GEN,PAT_BAG,"기저귀 속지"
018df144-f69d-432f-acbf-cb100652b1ae,ITEM-0291,GEN-0107,GEN,FAC_KIT_TOOL,"주걱"
25265667-ff6a-461d-b64a-b05dff7bb4b6,ITEM-0292,GEN-0108,GEN,FAC_DISH,"일회용 접시"
2353e3d6-cee1-492d-902f-10c06187dd92,ITEM-0293,GEN-0109,GEN,FAC_SPONGE,"일회용 수세미"
0f6d9f26-e257-4b24-941f-ee57f823635a,ITEM-0294,GEN-0110,GEN,FAC_DISH,"이쑤시개"
e2552f1d-e804-405d-b500-473b0b7f414a,ITEM-0295,GEN-0111,GEN,FAC_TOOL,"빨래집게"
7d3d2dc8-15d9-4960-9e88-39c970df20f5,ITEM-0296,GEN-0112,GEN,FAC_DISH,"테이블커버"
db2c32f9-e518-43a2-b4a2-fecf0d998d8d,ITEM-0297,EQP-0012,EQP,EQUIP_IT,"마우스 패드"
76426612-6c1f-4183-bc88-74a7bf32027d,ITEM-0298,EQP-0013,EQP,EQUIP_IT,"마우스 장패드"
c8d582f8-503c-4ffe-947a-8a10e64c0fcd,ITEM-0299,OFF-0009,OFF,OFF_STORAGE,"SD카드 (256GB)"
bb564c70-9647-4875-b2fc-b15bae11458b,ITEM-0300,GEN-0113,GEN,FAC_KIT_TOOL,"점화기 (265mm)"
3c5b1068-f5e9-4f41-8174-5f1dc1784784,ITEM-0301,GEN-0114,GEN,FAC_DETERGENT,"베이킹소다 세정제"
d736f4dc-b825-480d-9ca5-160dab87addd,ITEM-0302,GEN-0115,GEN,FAC_TOOL,"스퀴지"
96fb69b1-29dc-452f-ab45-9ffefdeca5fb,ITEM-0303,OFF-0010,OFF,OFF_STN_OTHER,"아크릴집게명찰"
61ffdf8d-b216-4fe9-b60e-a8c641c60323,ITEM-0304,GEN-0116,GEN,PAT_HANDWASH,"핸드워시 리필 (거품형)"
37987d41-8245-4a61-82de-b313bd37c8e2,ITEM-0305,GEN-0117,GEN,PAT_HANDWASH,"핸드워시 리필 (액체형)"
223d1f7b-7013-4284-903c-b0360da6698a,ITEM-0306,GEN-0118,GEN,FAC_KIT_TOOL,"점화기 (소)"
401800b5-2e53-42d2-85cf-6e211190f99c,ITEM-0308,GEN-0119,GEN,FAC_DETERGENT,"쇼파 세정제"
a2b4efa3-5fa5-4c73-a1b2-22ff65044530,ITEM-0309,GEN-0120,GEN,FAC_SPONGE,"스펀지 수세미"
27264687-bf29-4d8f-a97d-250bc2b42cb5,ITEM-0310,OFF-0011,OFF,OFF_CUTTING,"박스테이프"
d4c2e4dd-88bb-4488-9e57-db5f7ac161d5,ITEM-0312,OFF-0012,OFF,OFF_CUTTING,"투명테이프 (3절)"
9df8b6a0-1ae2-4bb6-8681-537f22ddade3,ITEM-0313,OFF-0013,OFF,OFF_CUTTING,"양면테이프 (1절)"
81c584db-ccd8-49c1-9c8f-2868d74947c4,ITEM-0314,OFF-0014,OFF,OFF_CUTTING,"양면테이프 (2절)"
0a1d1073-e0ff-43a0-a68c-6162e36f85cf,ITEM-0315,OFF-0015,OFF,OFF_PEN,"볼펜 (검정)"
6237d233-4c73-4d69-9f25-481335f87ba5,ITEM-0316,OFF-0016,OFF,OFF_PEN,"볼펜 (빨강)"
f89e1c42-6c50-4ffa-a981-3fa7246c5325,ITEM-0317,OFF-0017,OFF,OFF_PEN,"네임펜 (검정)"
f40309e3-bffd-48b8-9e6e-5756114a4d2c,ITEM-0318,OFF-0018,OFF,OFF_PEN,"네임펜 (빨강)"
00a3074d-cf12-4e41-91e5-87bf39d80ac6,ITEM-0319,OFF-0019,OFF,OFF_PEN,"네임펜 (파랑)"
e7d751fe-0638-4fe7-b7dc-372ea91dc646,ITEM-0320,OFF-0020,OFF,OFF_BASIC_PAPER,"복사용지( A4)"
f721aebe-25d5-4f7c-9ec8-715bdba0c9a0,ITEM-0321,OFF-0021,OFF,OFF_CLIP,"스테플러심(33호)"
26592253-dffb-471b-a808-a99d2f3165e9,ITEM-0322,OFF-0022,OFF,OFF_CUTTING,"딱풀"
85455c5d-0447-4020-bdbf-ce9b86d6b930,ITEM-0323,OFF-0023,OFF,OFF_STN_OTHER,"지우개연필"
76961af4-ca48-4bb6-b90e-21c12e8497a5,ITEM-0324,OFF-0024,OFF,OFF_STN_OTHER,"지우개"
7c95cbb0-289c-47f2-a02e-6d40f94f07b3,ITEM-0325,OFF-0025,OFF,OFF_CUTTING,"수정테이프"
1c6929fa-db3d-4cf0-9ae7-4ed4b8f86cce,ITEM-0326,OFF-0026,OFF,OFF_BASIC_PAPER,"스프링노트"
9850b629-99d6-4ce1-b897-b24216ccf3a6,ITEM-0327,OFF-0027,OFF,OFF_BASIC_PAPER,"중고노트"
bec90f23-636e-4564-bb9f-0a974215a175,ITEM-0328,OFF-0028,OFF,OFF_PRINT,"포스트잇"
18cc3058-7658-40b4-b541-79b4ed4dc92f,ITEM-0329,OFF-0029,OFF,OFF_LABEL,"견출지(수액라벨지)"
2478c07e-dbe3-4004-a550-9e2865b75a57,ITEM-0330,OFF-0030,OFF,OFF_PEN,"유성매직 (검정)"
60f1c355-d36b-458f-a827-cebc9cd5c8f2,ITEM-0331,OFF-0031,OFF,OFF_CUTTING,"사무용칼심"
a92b1d2f-b34f-4f4f-88d7-1d44d330541c,ITEM-0332,OFF-0032,OFF,OFF_CUTTING,"사무용칼"
2eebe768-495f-44be-8f71-3f1c7f6f8fcb,ITEM-0333,OFF-0033,OFF,OFF_CUTTING,"사무용가위"
b4e7316f-262d-4066-86c8-5d05dc9f9844,ITEM-0334,OFF-0034,OFF,OFF_STN_OTHER,"자(30cm)"
c8c976d4-63e0-489b-855d-a7d7d43f101f,ITEM-0335,OFF-0035,OFF,OFF_PEN,"형광펜 (연두)"
f0821f33-3171-4af8-a88e-cde22cafc8d4,ITEM-0336,OFF-0036,OFF,OFF_PEN,"형광펜 (노랑)"
0cb87703-fed4-4ebf-8335-5689e919e5ed,ITEM-0337,OFF-0037,OFF,OFF_PEN,"형광펜 (파랑)"
bfd7c689-7108-439c-b487-8c0485ddc250,ITEM-0338,GEN-0121,GEN,FAC_DISH,"빨대"
ada09fee-3668-40b4-9e64-e610c4fd8a93,ITEM-0339,OFF-0038,OFF,OFF_PEN,"보드마카 (검정)"
f945228f-047f-4ca6-b116-f4f534fedd16,ITEM-0340,OFF-0039,OFF,OFF_PEN,"보드마카 (빨강)"
c81444af-1afb-412b-8e28-8b3aa58e7057,ITEM-0341,OFF-0040,OFF,OFF_STN_OTHER,"보드마카 지우개"
ad9da235-6e9b-4e1a-8ba8-9d5a9b7ca6d4,ITEM-0342,OFF-0041,OFF,OFF_CLIP,"스테플러 (33호)"
2489b499-e41d-48dc-adec-19c37fa3f1aa,ITEM-0343,OFF-0042,OFF,OFF_CLIP,"페이퍼 클립"
3160cece-14df-45c3-b40f-ab091295f2fe,ITEM-0344,OFF-0043,OFF,OFF_GOVFILE,"정부화일 (분홍색)"
7b8dd9af-594b-4214-a053-2b972e20e824,ITEM-0345,OFF-0044,OFF,OFF_GOVFILE,"정부화일 (연두색)"
40ca2ba1-4165-4eed-b385-04099e34c769,ITEM-0346,OFF-0045,OFF,OFF_GOVFILE,"정부화일 (노란색)"
c595b819-7442-4ebf-86a0-d9f80f70ca6a,ITEM-0347,OFF-0046,OFF,OFF_GOVFILE,"정부화일 (파랑색)"
5b596220-98eb-4ca0-83e7-1f990e6c4003,ITEM-0348,OFF-0047,OFF,OFF_BOX,"문서보관상자 (분홍색)"
d01ea4bf-a0d9-4cab-aa54-fd3850bb1a87,ITEM-0349,OFF-0048,OFF,OFF_BOX,"문서보관상자 (연두색)"
2dbc2936-02eb-49e5-8473-e753025f9908,ITEM-0350,OFF-0049,OFF,OFF_BOX,"문서보관상자 (노란색)"
5f627381-2ccc-4749-af97-47e524ac5f9d,ITEM-0351,OFF-0050,OFF,OFF_BOX,"문서보관상자 (파랑색)"
ef3ecc12-6265-4ffa-a764-537e64e2f4c1,ITEM-0352,OFF-0051,OFF,OFF_BASIC_PAPER,"A5복사용지"
86b5c567-0960-4193-9703-31fc630ba5ec,ITEM-0353,OFF-0052,OFF,OFF_BASIC_PAPER,"A4 코팅지"
967092ae-3b0f-42d4-99c6-b8e59afc7329,ITEM-0354,OFF-0053,OFF,OFF_STORAGE,"USB (64GB)"
b0148b87-0ea3-4d3f-baf3-92437ac44586,ITEM-0355,OFF-0054,OFF,OFF_PEN,"양면 네임펜 (검정)"
aa0ad4fe-e8e1-412e-83dd-52b56c37f28b,ITEM-0356,OFF-0055,OFF,OFF_FILE_OTHER,"책철 (70mm)"
e022025e-44b6-48ff-8741-efcf2ee3ba1b,ITEM-0357,OFF-0056,OFF,OFF_FILE_OTHER,"2공 펀치 (70mm)"
c6ddff80-a5ee-48a5-80bf-cd1b63fe4569,ITEM-0358,OFF-0057,OFF,OFF_PRINT,"포스트잇 플래그 (44*6)"
0d0b3c9c-e5d2-4860-8e9b-ba79a27acbe7,ITEM-0359,OFF-0058,OFF,OFF_BASIC_PAPER,"색종이 (단면)"
7896be4e-f1a8-4992-b7c9-a1ab0c9171de,ITEM-0360,OFF-0059,OFF,OFF_BASIC_PAPER,"색종이 (양면)"
9d5ac3e7-ea4b-4f44-b979-fedb51176e68,ITEM-0361,OFF-0060,OFF,OFF_CLIP,"더블클립 (소)"
08a7cc75-b5f0-4e86-b697-b78a4c829e3c,ITEM-0362,OFF-0061,OFF,OFF_CLIP,"더블클립 (중)"
126c3544-b634-4cf7-bb73-917ef20c4df9,ITEM-0363,OFF-0062,OFF,OFF_CLIP,"더블클립 (대)"
c9d8fda8-2648-4b9d-8b7a-e8121d46795f,ITEM-0364,OFF-0063,OFF,OFF_CLIP,"더블클립 (특대)"
77cb02bb-72a0-4b29-9b50-30d83de80f9a,ITEM-0365,OFF-0064,OFF,OFF_LABEL,"칼라분류용라벨 파랑 (5mm)"
ae2de881-f088-4a51-8331-7fa08e73928e,ITEM-0366,OFF-0065,OFF,OFF_LABEL,"칼라분류용라벨 검정 (5mm)"
64065652-b5b1-42f9-a175-2eb3a3be0218,ITEM-0367,OFF-0066,OFF,OFF_LABEL,"칼라분류용라벨 빨강 (5mm)"
333f8d2d-1db8-4a0f-96b0-f074242ae08e,ITEM-0368,OFF-0067,OFF,OFF_LABEL,"칼라분류용라벨 노랑 (5mm)"
0aae7110-835a-47d8-970a-9bd1ee14d173,ITEM-0369,OFF-0068,OFF,OFF_LABEL,"칼라분류용라벨 파랑 (12mm)"
ea2498aa-6006-4782-bcd4-29af54ed806d,ITEM-0370,OFF-0069,OFF,OFF_LABEL,"칼라분류용라벨 검정 (12mm)"
5444d6b7-8eb0-48c7-bbe3-b8fc4d0aa311,ITEM-0371,OFF-0070,OFF,OFF_LABEL,"칼라분류용라벨 빨강 (12mm)"
ad0b8e5c-b5e9-42ff-b184-a008d50f087a,ITEM-0372,OFF-0071,OFF,OFF_LABEL,"칼라분류용라벨 노랑 (12mm)"
3d487a13-2d9e-4d57-9bff-b136fc3ee056,ITEM-0373,OFF-0072,OFF,OFF_PEN,"색연필 (12종)"
58daeb44-2aa2-440f-93ee-d9320212fe58,ITEM-0374,OFF-0073,OFF,OFF_PRINT,"포스트잇 (102*152)"
4eb64dde-b5a1-4651-a4cd-11ef5321fff7,ITEM-0375,OFF-0074,OFF,OFF_PRINT,"포스트잇 (50*15)"
a5335bfe-39cb-472d-8205-b45727a8df6f,ITEM-0376,OFF-0075,OFF,OFF_ENVELOPE,"경질봉투 (A4)"
af58f5cf-df02-4602-b52a-01d4c36083d7,ITEM-0377,OFF-0076,OFF,OFF_FILE_OTHER,"카드링 (대)"
d255d2f0-bbef-47dc-8e09-7efd732f1865,ITEM-0378,OFF-0077,OFF,OFF_FILE_OTHER,"카드링 (중)"
35f651ed-6b4a-43b9-90ca-a940d6a4ad90,ITEM-0379,OFF-0078,OFF,OFF_FILE_OTHER,"카드링 (소)"
1ab885c4-99d0-408c-b31b-9db4b5e3e312,ITEM-0380,OFF-0079,OFF,OFF_CLIP,"자석"
4038aa6c-50c7-49f9-89c8-76d00f217855,ITEM-0381,OFF-0080,OFF,OFF_CLIP,"압핀"
f4f6e452-616c-41b3-8503-bd8d0e9721bc,ITEM-0382,OFF-0081,OFF,OFF_CLIP,"주핀"
e9af2230-272a-4a99-93cd-693a5bdaf997,ITEM-0383,OFF-0082,OFF,OFF_STN_OTHER,"날크맆"
898cd9c4-f743-40a4-94a0-8223dab91d84,ITEM-0384,OFF-0083,OFF,OFF_CLIP,"스테이플러심(제본용) (12mm)"
71bbf1de-a979-411a-a810-4cff22d6df33,ITEM-0385,OFF-0084,OFF,OFF_CLIP,"스테이플러심(제본용) (6mm)"
e521a32c-b89b-436e-a514-d31185dcee3e,ITEM-0386,OFF-0085,OFF,OFF_CAMERA,"즉석카메라 필름"
d4e77be2-b83f-4c3b-a746-e6afaafa50dd,ITEM-0387,OFF-0086,OFF,OFF_CLIP,"제침기"
987a6be5-91a2-4876-a86a-24554532e142,ITEM-0388,OFF-0087,OFF,OFF_STN_OTHER,"썬스타"
7d0cd97d-9e3e-4308-9603-69fa82a3fff9,ITEM-0389,OFF-0088,OFF,OFF_PEN,"모나미 롤링펜"
0f08ec3e-218d-49eb-b368-225daa4d6696,ITEM-0390,OFF-0089,OFF,OFF_PEN,"볼펜 (파랑)"
2479d72c-074c-47df-81ca-dfe86fcf58ef,ITEM-0391,OFF-0090,OFF,OFF_PEN,"유성매직 (빨강)"
5cf19e37-210b-4b8b-b852-b29604d1ec9e,ITEM-0392,OFF-0091,OFF,OFF_PEN,"보드마카 (파랑)"
26ecf8ea-52a9-4d1f-8e19-f24474bad1da,ITEM-0393,OFF-0092,OFF,OFF_CUTTING,"스카치테이프"
f53b0dd9-2801-4b78-966c-d38b1949f7f6,ITEM-0394,OFF-0093,OFF,OFF_LABEL,"재점착 라벨지 (R3330-10)"
e057cf81-6f47-463f-9a91-8d4cfdab10d8,ITEM-0395,OFF-0094,OFF,OFF_PRINT,"상장용지"
bd943ea7-7e01-4017-bf78-7b9cd9479726,ITEM-0396,OFF-0095,OFF,OFF_LABEL,"레이저용 광택 라벨 (V8110-100)"
224da4a5-5991-4eb2-8880-0875dd9b1a14,ITEM-0397,OFF-0096,OFF,OFF_LABEL,"정부문서화일 라벨 (3629)"
b902c4f3-99b8-46a8-b490-47d6a4f2513d,ITEM-0398,OFF-0097,OFF,OFF_LABEL,"인덱스 라벨 (V3540-100)"
fbb01fe1-85ed-48b1-9bc4-eea2d7833bf0,ITEM-0399,OFF-0098,OFF,OFF_LABEL,"폼텍라벨 (LS-3130)"
b5c715a9-2512-4920-88e5-c76666b77269,ITEM-0400,OFF-0099,OFF,OFF_BASIC_PAPER,"프리미엄 잉크젯 전용지 (A4)"
2d1fa038-9887-462f-8f0c-a6bb40f64c55,ITEM-0401,OFF-0100,OFF,OFF_CLEARFILE,"클리어화일 분홍 (20매)"
3988cd83-a52f-49e7-965b-1c1e64b857db,ITEM-0402,OFF-0101,OFF,OFF_CLEARFILE,"클리어화일 연두 (20매)"
4f6c3504-85f2-43bc-b660-b7313fb81fda,ITEM-0403,OFF-0102,OFF,OFF_CLEARFILE,"클리어화일 노랑 (20매)"
34949225-1464-4d1f-9cdd-ae1517bacb88,ITEM-0404,OFF-0103,OFF,OFF_CLEARFILE,"클리어화일 파랑 (20매)"
a6b47b77-a20a-4003-8ddd-a2cfba106b47,ITEM-0405,OFF-0104,OFF,OFF_CLEARFILE,"클리어화일 검정 (20매)"
2be33877-0a26-4e1d-9699-7f44a10f6260,ITEM-0406,OFF-0105,OFF,OFF_CLEARFILE,"클리어화일 분홍 (80매)"
102dc942-5f32-40c2-bd0f-946478983298,ITEM-0407,OFF-0106,OFF,OFF_CLEARFILE,"클리어화일 연두 (80매)"
11f6186c-8a45-4a02-a318-e7ee74e55b62,ITEM-0408,OFF-0107,OFF,OFF_CLEARFILE,"클리어화일 노랑 (80매)"
239f3f2d-3704-40fe-83a2-508a2dd4eb3e,ITEM-0409,OFF-0108,OFF,OFF_CLEARFILE,"클리어화일 파랑 (80매)"
0231c292-9e23-49d6-9057-a1e00172aebd,ITEM-0410,OFF-0109,OFF,OFF_CLEARFILE,"클리어화일 검정 (80매)"
48bf014a-38f4-4fc0-9a04-4469af79e1a6,ITEM-0411,OFF-0110,OFF,OFF_CLEARFILE,"클리어화일 분홍 (100매)"
4e4d8870-4a3c-426c-a44d-e3ee93da0585,ITEM-0412,OFF-0111,OFF,OFF_CLEARFILE,"클리어화일 연두 (100매)"
a28cf5f1-64d1-40f6-aaaa-210eecbb58bd,ITEM-0413,OFF-0112,OFF,OFF_CLEARFILE,"클리어화일 노랑 (100매)"
c2e26d53-ba0e-4382-9160-295a92c4b0a6,ITEM-0414,OFF-0113,OFF,OFF_CLEARFILE,"클리어화일 파랑 (100매)"
31de8832-53f0-4cb4-88bf-4c6048e18631,ITEM-0415,OFF-0114,OFF,OFF_CLEARFILE,"클리어화일 검정 (100매)"
953f4b4d-5978-452a-af49-d80e9e3d5654,ITEM-0416,OFF-0115,OFF,OFF_FILE_OTHER,"D링 바인더"
b0e5241a-4817-493e-afdc-869a726994ba,ITEM-0417,OFF-0116,OFF,OFF_CLEARFILE,"클리어화일 속지"
18b6daf9-e617-4359-910e-f4c33b6266fe,ITEM-0418,OFF-0117,OFF,OFF_FILE_OTHER,"L자 파일"
dc8e772b-9181-494a-8857-61e01038f1f0,ITEM-0419,OFF-0118,OFF,OFF_BASIC_PAPER,"스케치북"
d1d9d471-52b1-43b6-bd23-346fffe48ef6,ITEM-0420,OFF-0119,OFF,OFF_CLEARFILE,"클리어화일 분홍 (40매)"
f78cab5d-6296-40cb-82cf-6189ce1aaeaf,ITEM-0421,OFF-0120,OFF,OFF_CLEARFILE,"클리어화일 연두 (40매)"
fe09c302-0088-4734-a878-be0df4c4b7bb,ITEM-0422,OFF-0121,OFF,OFF_CLEARFILE,"클리어화일 노랑 (40매)"
8a1669e8-40bf-44a8-b4dd-d5a5a15b2c19,ITEM-0423,OFF-0122,OFF,OFF_CLEARFILE,"클리어화일 파랑 (40매)"
9b41335b-d5df-4793-9da7-25bdc3088e25,ITEM-0424,OFF-0123,OFF,OFF_CLEARFILE,"클리어화일 검정 (40매)"
f53a01a6-51aa-4056-81d9-987da8780571,ITEM-0425,GEN-0122,GEN,FOOD_INSTANT,"라면"
892bb47f-0c99-4496-844a-d606629d06bf,ITEM-0426,GEN-0123,GEN,FOOD_WATER,"삼다수 (330ml)"
72ad1dc9-7754-4b6c-b705-eff7cdc49c47,ITEM-0427,GEN-0124,GEN,FOOD_WATER,"삼다수 (500ml)"
6fe61cf8-1388-4404-8d7d-e8fb68bf47b8,ITEM-0428,GEN-0125,GEN,FOOD_WATER,"삼다수 (1L)"
530e991e-83ca-4bd4-af82-c2f1619541a1,ITEM-0429,GEN-0126,GEN,FOOD_WATER,"피지워터 (500ml)"
2478474e-d3eb-49e9-bc7e-161ea4715fa0,ITEM-0430,GEN-0127,GEN,FOOD_WATER,"기픈물 기본 (500ml)"
28ce82ff-92b1-4a12-b612-cb467746e9a7,ITEM-0431,GEN-0128,GEN,FOOD_WATER,"기픈물 마그네슘 (500ml)"
e29f4bf2-aac7-4a61-a85f-aaef0434afed,ITEM-0432,GEN-0129,GEN,FOOD_BEVERAGE,"과일 병음료 (180ml)"
9480111d-3998-440c-b565-5b657494e64e,ITEM-0433,GEN-0130,GEN,FOOD_BEVERAGE,"포카리스웨트 (900ml)"
f27bff31-241b-43dc-9bf3-1a43e4099c6f,ITEM-0434,OFF-0124,OFF,OFF_ENVELOPE,"대봉투"
cd2d319b-01c9-43fb-947b-dbe708a3900e,ITEM-0435,OFF-0125,OFF,OFF_ENVELOPE,"소봉투"
88a3711a-136c-4b47-87ae-1b3012035070,ITEM-0436,OFF-0126,OFF,OFF_GIFT,"축의금 소봉투 (상임이사님)"
8eef41ce-e45e-41f7-acf2-23b0c1890303,ITEM-0437,OFF-0127,OFF,OFF_GIFT,"축의금 소봉투 (행정원장님)"
d2411c4b-d021-4777-8dc9-77842a0207d5,ITEM-0438,OFF-0128,OFF,OFF_GIFT,"조의금 소봉투 (상임이사님)"
7fcc9f32-b54a-4823-ad47-7bab8aa67920,ITEM-0439,OFF-0129,OFF,OFF_GIFT,"조의금 소봉투 (행정원장님)"
497ab32a-ffb2-46e3-a886-a559c8f977b7,ITEM-0440,OFF-0130,OFF,OFF_ENVELOPE,"무지 소봉투"
e169170a-ad43-45d7-bbf4-3836568cedfd,ITEM-0441,OFF-0131,OFF,OFF_FORM,"약 처방전"
ace8a87a-43b2-4003-8c00-51f2e2d9febf,ITEM-0442,OFF-0132,OFF,OFF_FORM,"컨설트용지"
1eff8b63-1a99-4dac-a52f-08ae547b0ced,ITEM-0443,OFF-0133,OFF,OFF_FORM,"혈액수혈처방전"
c63c7351-ddea-4034-9891-f66f8bc09f58,ITEM-0444,OFF-0134,OFF,OFF_FORM,"약티켓 (흰색)"
62fa2fdc-1127-4f14-8b6f-aa3e0bccc3d8,ITEM-0445,OFF-0135,OFF,OFF_FORM,"약티켓 (빨강)"
a246e252-6e05-41e1-a6e1-cdcfc08b7373,ITEM-0446,OFF-0136,OFF,OFF_FORM,"약티켓 (파랑)"
a60ea48b-e82a-48ed-a0de-ce79cd583887,ITEM-0447,OFF-0137,OFF,OFF_BAG,"쇼핑백 (소)"
7acb7629-bb92-4814-a0e7-4600aeb5d1b1,ITEM-0448,OFF-0138,OFF,OFF_BAG,"쇼핑백 (중)"
5e320165-5308-4acc-ba3b-4e9d36808183,ITEM-0449,OFF-0139,OFF,OFF_BAG,"쇼핑백 (대)"
eac98abd-c25f-45fe-bc60-376518a9f95d,ITEM-0450,OFF-0140,OFF,OFF_PRINT,"리플렛"
ab20e96c-1c13-4fff-9a82-9d9c4ab32f60,ITEM-0451,OFF-0141,OFF,OFF_PRINT,"브로슈어 (대)"
b0f03997-68b4-4da0-800e-c8c053cc68ce,ITEM-0452,OFF-0142,OFF,OFF_PRINT,"브로슈어 (중)"
a7d59c63-0f9f-4ae8-b1e3-fadb0cff37b1,ITEM-0453,OFF-0143,OFF,OFF_PRINT,"브로슈어 (소)"
e6495aba-c7dd-49a0-9004-70fd28964795,ITEM-0454,OFF-0144,OFF,OFF_FORM,"인계장"
bf965aab-2e78-4017-87bc-e5747dd13890,ITEM-0455,EQP-0014,EQP,EQUIP_FURNITURE,"사무용의자 (목받침대)"
173afc8d-7b56-42af-a94e-28ebc8543cdb,ITEM-0456,EQP-0015,EQP,EQUIP_FURNITURE,"회의용 의자"
06dc5535-3fee-4662-afab-fa7e95d265f7,ITEM-0457,EQP-0016,EQP,EQUIP_FURNITURE,"플라스틱 의자 (등받이 x)"
651a5fb5-88b7-46fd-9446-5e22effd2b77,ITEM-0458,EQP-0017,EQP,EQUIP_FURNITURE,"플라스틱 의자 (등받이)"
fa39ad2d-efce-44ed-8dce-8b016579b83e,ITEM-0459,EQP-0018,EQP,EQUIP_LIVING,"PVC카 (소)"
e1a3a163-73d9-4074-a906-288a2f46f7b1,ITEM-0460,EQP-0019,EQP,EQUIP_LIVING,"PVC카 (중)"
91b3f823-1ec0-4766-a0e3-817c9bf949b3,ITEM-0461,EQP-0020,EQP,EQUIP_LIVING,"PVC카 (대)"
c092da1a-1d60-40b2-b7b8-2d0fdf095032,ITEM-0462,EQP-0021,EQP,EQUIP_LIVING,"PVC카 (서랍형)"
ae20e91f-9629-41e8-a64d-8a27d683727f,ITEM-0463,EQP-0022,EQP,EQUIP_LIVING,"하나로 리모컨"
ac8e875f-414a-47d8-9254-5fa17c76700c,ITEM-0464,EQP-0023,EQP,EQUIP_LIVING,"호출벨 (AT200)"
041ee1cc-3dda-441f-b16e-4beffe5d5ca7,ITEM-0465,EQP-0024,EQP,EQUIP_LIVING,"호출벨 (ST200)"
edfcec79-ca38-4676-b168-076fadaec4ad,ITEM-0466,EQP-0025,EQP,EQUIP_LIVING,"호출벨 모니터 (AM)"
353069eb-ddd3-4430-bc00-2d5cd2862522,ITEM-0467,EQP-0026,EQP,EQUIP_LIVING,"첵싱 서랍장"
f582de69-0547-4535-8e57-873f6c712716,ITEM-0468,EQP-0027,EQP,EQUIP_LIVING,"L카"
7fba928b-d694-495b-9cfe-1b01e8721784,ITEM-0469,EQP-0028,EQP,EQUIP_LIVING,"금고 (소)"
185cb48e-178e-401b-971a-f54bdc47e558,ITEM-0470,EQP-0029,EQP,EQUIP_AID,"소독 드레싱카"
64ce676b-aedd-4db1-84d6-fbfa7269ed3b,ITEM-0471,EQP-0030,EQP,EQUIP_AID,"휠체어"
044edd91-7b5b-4935-8dca-5769e358365d,ITEM-0472,EQP-0031,EQP,EQUIP_APPLIANCE,"TV 24인치 (코모도)"
5204ae14-1b56-42e4-9ae7-c59af12f1d6a,ITEM-0473,EQP-0032,EQP,EQUIP_APPLIANCE,"TV 24인치 (뷰싱크)"
727565a4-07f7-4c8d-a3f8-4eedd729b85d,ITEM-0474,EQP-0033,EQP,EQUIP_APPLIANCE,"TV 43인치"
0e4e93ff-e258-4838-b15d-3bb14ce40173,ITEM-0475,EQP-0034,EQP,EQUIP_APPLIANCE,"냉장고 210L (마루나)"
03bb1d0d-c28e-4685-867c-d0298940d2ee,ITEM-0476,EQP-0035,EQP,EQUIP_APPLIANCE,"냉장고 90L (LG)"
9c63e8f4-91bf-4f3f-b3f1-7bd365b085bf,ITEM-0477,EQP-0036,EQP,EQUIP_APPLIANCE,"세탁기 12KG (클라쎼)"
931ea6cc-e5b4-44d2-80b9-aa10d8d6688a,ITEM-0478,EQP-0037,EQP,EQUIP_APPLIANCE,"세탁기 15KG (마루나)"
8c63977c-2a73-4b81-9af2-15d56a8a452c,ITEM-0479,EQP-0038,EQP,EQUIP_APPLIANCE,"스텐바이 TV (LG)"
87057453-e9c9-413c-a420-86032acbd101,ITEM-0480,EQP-0039,EQP,EQUIP_APPLIANCE,"믹서기"
e086b5ae-13f8-4393-81f4-6b572fd94ba3,ITEM-0481,EQP-0040,EQP,EQUIP_APPLIANCE,"네스프레소 버츄오 플러스 (GCB2)"
16e63b00-1dd4-4332-ba9c-b4d9e19fd5fb,ITEM-0482,EQP-0041,EQP,EQUIP_APPLIANCE,"전자레인지"
bf267a8c-3e13-4705-ade7-8533a5c29a1d,ITEM-0483,EQP-0042,EQP,EQUIP_APPLIANCE,"드라이기"
4b3c3341-cc94-46a2-a744-c3aba8cd5607,ITEM-0484,EQP-0043,EQP,EQUIP_AID,"이동식 산소메타"
2f667a9e-e803-440e-9369-55f7906ac69b,ITEM-0485,EQP-0044,EQP,EQUIP_AID,"벽붙착 산소메타"
f8f49b49-36f4-459d-b066-8de3b542b149,ITEM-0486,EQP-0045,EQP,EQUIP_AID,"셕션보틀"
5d301aae-132a-49d0-b39d-9d423d7ea705,ITEM-0487,EQP-0046,EQP,EQUIP_AID,"자동혈압계"
ea458e57-eb9e-4a37-9a56-97b62cebcd46,ITEM-0488,EQP-0047,EQP,EQUIP_AID,"메타혈압계"
7954551e-6e3a-4858-b716-8df398b5d518,ITEM-0489,EQP-0048,EQP,EQUIP_AID,"체온계"
79e93157-bc2e-43e5-bd4a-597a9d268812,ITEM-0490,EQP-0049,EQP,EQUIP_MEDICAL,"네블라이저"
8f62c3ff-237f-46c4-9699-609e554dbf13,ITEM-0491,EQP-0050,EQP,EQUIP_AID,"산소포화도 측정기 (휴대용)"
cbd55c10-8f22-4d5b-bea5-3fdebfe839d1,ITEM-0492,EQP-0051,EQP,EQUIP_ACCESSORY,"산소포화도 측정기 (EKG)"
311fe71d-510f-437c-93de-b791616517cd,ITEM-0493,EQP-0052,EQP,EQUIP_ACCESSORY,"ECG 중간케이블"
66ca7395-8fd4-4c07-9815-f1ada806f3d3,ITEM-0494,EQP-0053,EQP,EQUIP_ACCESSORY,"ECG 케이블"
abf60c58-3405-481b-80e7-c0252b55fe0f,ITEM-0495,EQP-0054,EQP,EQUIP_ACCESSORY,"혈압계 커프 (자동)"
6bfde4e1-09d3-43a8-863e-c7de47ca9e61,ITEM-0496,EQP-0055,EQP,EQUIP_ACCESSORY,"혈압계 커프 (메타)"
2705e65a-b65b-4cc4-8e21-979d1b3ab2b5,ITEM-0497,EQP-0056,EQP,EQUIP_ACCESSORY,"혈압계 커프 (스텐드)"
a8ed4490-9365-45ef-abd4-72c11677ad11,ITEM-0498,EQP-0057,EQP,EQUIP_ACCESSORY,"혈압계 커프 (EKG)"
e1cef984-c19b-4a1a-a44d-b5cbb0e0f831,ITEM-0499,EQP-0058,EQP,EQUIP_IT,"본체"
fa9f562b-11b3-4101-87dd-f96be602597d,ITEM-0500,EQP-0059,EQP,EQUIP_IT,"모니터 (24인치)"
52912533-0626-4527-9f9f-b2aaa4709d9b,ITEM-0501,EQP-0060,EQP,EQUIP_IT,"모니터 (27인치)"
ff2e5785-1bd0-4d8e-8b3d-aba67dea44e2,ITEM-0502,EQP-0061,EQP,EQUIP_IT,"마우스 (유선)"
5f9a4d13-cd0e-4478-84a0-b5e4d333b3e8,ITEM-0503,EQP-0062,EQP,EQUIP_IT,"마우스 (무선)"
8bc01cfa-7b97-4542-a61f-9cef47509237,ITEM-0504,EQP-0063,EQP,EQUIP_IT,"키보드 (유선)"
ca27cec0-bb84-4724-a26a-b9ef1f4492ed,ITEM-0505,EQP-0064,EQP,EQUIP_IT,"키보드 (무선)"
dbe0681f-9062-495f-b569-45bc35da091c,ITEM-0512,MED-0148,MED,MED_AIRWAY,"Air Way HS-AW-300 (WHITE 7cm)"
381d7f30-d9c4-4e72-b4b6-7fef6001dfc4,ITEM-0513,MED-0149,MED,MED_AIRWAY,"Air Way HS-AW-500 (YELLOW 9cm)"
cba2e6a1-751d-4d07-bcec-df9c69e2f1af,ITEM-0514,MED-0150,MED,MED_AIRWAY,"Air Way HS-AW-600 (RED 10cm)"
fd08e111-01bc-4cec-b55c-bf802c606dc2,ITEM-1500,EQP-0065,EQP,EQUIP_AID,"Focep (26cm)"
ff8e7e24-65fa-4028-ba43-4702d773aab6,ITEM-1501,EQP-0066,EQP,EQUIP_AID,"자동혈압계 (오므론 HEM7141T1)"
3a5776b8-3bd4-48a1-85bf-a1832de19128,ITEM-1502,MED-0151,MED,MED_AIRWAY,"Nasal Air-way (26FR/6.5mm)"