code,name,spec,uom,price,stats_category(원본),new_category,stats_bucket,matched_rule
"ITEM-0001","속기저귀","","ea","51450","기저귀","PAT_DIAPER","DIAPER_CARE","기저귀"
"ITEM-0002","겉기저귀","대","ea","32000","기저귀","PAT_DIAPER","DIAPER_CARE","기저귀"
"ITEM-0003","겉기저귀","특대","ea","40800","기저귀","PAT_DIAPER","DIAPER_CARE","기저귀"
"ITEM-0004","이지메트","","ea","40000","기저귀","PAT_DIAPER","DIAPER_CARE","fallback-기저귀"
"ITEM-0005","Guaze","2*2","ea","1800","의료소모품","MED_OTHER","MEDICAL","fallback-의료소모품"
"ITEM-0006","Guaze","3*3","ea","4200","의료소모품","MED_OTHER","MEDICAL","fallback-의료소모품"
"ITEM-0007","Guaze","4*3","ea","6000","의료소모품","MED_OTHER","MEDICAL","fallback-의료소모품"
"ITEM-0008","Guaze","4*4","ea","8400","의료소모품","MED_OTHER","MEDICAL","fallback-의료소모품"
"ITEM-0009","탈지면","4*3/450g","ea","3960","의료소모품","MED_OTHER","MEDICAL","fallback-의료소모품"
"ITEM-0010","Cotton Ball","1호/450g","ea","4250","의료소모품","MED_DRESSING","MEDICAL","드레싱"
"ITEM-0011","Cotton Ball","2호/450g","ea","4250","의료소모품","MED_DRESSING","MEDICAL","드레싱"
"ITEM-0012","Cotton Ball","3호/450g","ea","5500","의료소모품","MED_DRESSING","MEDICAL","드레싱"
"ITEM-0013","Cotton Ball/필터볼","2호/450g","ea","5500","의료소모품","MED_DRESSING","MEDICAL","드레싱"
"ITEM-0014","Cotton Ball/필터볼","3호/450g","ea","5500","의료소모품","MED_DRESSING","MEDICAL","드레싱"
"ITEM-0015","Surgical Pad","18*18*20's","ea","5540","의료소모품","MED_OTHER","MEDICAL","fallback-의료소모품"
"ITEM-0016","Fix roll Tape","10cm*10cm","ea","5850","의료소모품","MED_OTHER","MEDICAL","fallback-의료소모품"
"ITEM-0017","Biopore","천(1*12's)","ea","7700","의료소모품","MED_DRESSING","MEDICAL","드레싱"
"ITEM-0018","Biopore","종이(1*12's)","ea","7700","의료소모품","MED_DRESSING","MEDICAL","드레싱"
"ITEM-0019","3M micropore","1*12's/1530-1","ea","11000","의료소모품","MED_DRESSING","MEDICAL","드레싱"
"ITEM-0020","밴드에스","1*45's","ea","13230","의료소모품","MED_OTHER","MEDICAL","fallback-의료소모품"
"ITEM-0021","탄력붕대(E/B)","3*12's","ea","4908","의료소모품","MED_OTHER","MEDICAL","fallback-의료소모품"
"ITEM-0022","탄력붕대(E/B)","4*12's","ea","6096","의료소모품","MED_OTHER","MEDICAL","fallback-의료소모품"
"ITEM-0023","탄력붕대(E/B)","6*12's","ea","7944","의료소모품","MED_OTHER","MEDICAL","fallback-의료소모품"
"ITEM-0024","스프린트","3""","ea","149390","의료소모품","MED_OTHER","MEDICAL","fallback-의료소모품"
"ITEM-0025","스프린트","4""","ea","160120","의료소모품","MED_OTHER","MEDICAL","fallback-의료소모품"
"ITEM-0026","스프린트","6""","ea","220450","의료소모품","MED_OTHER","MEDICAL","fallback-의료소모품"
"ITEM-0027","솜붕대","3""","ea","4400","의료소모품","MED_DRESSING","MEDICAL","드레싱"
"ITEM-0028","솜붕대","4""","ea","4400","의료소모품","MED_DRESSING","MEDICAL","드레싱"
"ITEM-0029","솜붕대","6""","ea","5500","의료소모품","MED_DRESSING","MEDICAL","드레싱"
"ITEM-0030","3M 테가덤 필름","CHG 1660R","ea","142500","의료소모품","MED_DRESSING","MEDICAL","드레싱"
"ITEM-0031","3M 테가덤 필름","1626W","ea","27150","의료소모품","MED_DRESSING","MEDICAL","드레싱"
"ITEM-0032","장루 판","413182","ea","6110","의료소모품","MED_OTHER","MEDICAL","fallback-의료소모품"
"ITEM-0033","장루 파우치","401502","ea","2010","의료소모품","MED_OTHER","MEDICAL","fallback-의료소모품"
"ITEM-0034","목설압자","대/100pcs","ea","1050","의료소모품","MED_OTHER","MEDICAL","fallback-의료소모품"
"ITEM-0035","솜면봉","1*10","ea","4400","의료소모품","MED_DRESSING","MEDICAL","드레싱"
"ITEM-0036","스킨코튼플러스","400매","ea","2750","의료소모품","PAT_BATH","GENERAL","세면·목욕"
"ITEM-0037","알콜스왑(70%)","100매","ea","2720","의료소모품","MED_OTHER","MEDICAL","fallback-의료소모품"
"ITEM-0038","D/Syringe","1cc/26G","ea","5200","의료소모품","MED_INJECTION","MEDICAL","주사·투약"
"ITEM-0039","D/Syringe","3cc/23G","ea","4800","의료소모품","MED_INJECTION","MEDICAL","주사·투약"
"ITEM-0040","D/Syringe","5cc/23G","ea","5600","의료소모품","MED_INJECTION","MEDICAL","주사·투약"
"ITEM-0041","D/Syringe","10cc/23G","ea","8200","의료소모품","MED_INJECTION","MEDICAL","주사·투약"
"ITEM-0042","D/Syringe","20cc/23G","ea","7000","의료소모품","MED_INJECTION","MEDICAL","주사·투약"
"ITEM-0043","채혈주사기","5cc/23G","ea","10000","의료소모품","MED_INJECTION","MEDICAL","주사·투약"
"ITEM-0044","채혈주사기","10cc/21G","ea","15000","의료소모품","MED_INJECTION","MEDICAL","주사·투약"
"ITEM-0045","Enema Syringe","60cc","ea","6875","의료소모품","MED_INJECTION","MEDICAL","주사·투약"
"ITEM-0046","D/Needle","18G","ea","2600","의료소모품","MED_INJECTION","MEDICAL","주사·투약"
"ITEM-0047","D/Needle","23G","ea","2200","의료소모품","MED_INJECTION","MEDICAL","주사·투약"
"ITEM-0048","Dosi Flow(MLS-32)","EA","ea","2620","의료소모품","MED_INJECTION","MEDICAL","주사·투약"
"ITEM-0049","I.V Set(MLS-11)","110/무침","ea","18750","의료소모품","MED_OTHER","MEDICAL","fallback-의료소모품"
"ITEM-0050","I.V Set(MLS-24)","122 Y-type","ea","20750","의료소모품","MED_OTHER","MEDICAL","fallback-의료소모품"
"ITEM-0051","Medicut(한백)","18G","ea","15400","의료소모품","MED_INJECTION","MEDICAL","주사·투약"
"ITEM-0052","Medicut(한백)","22G","ea","14850","의료소모품","MED_INJECTION","MEDICAL","주사·투약"
"ITEM-0053","Medicut(한백)","24G","ea","14850","의료소모품","MED_INJECTION","MEDICAL","주사·투약"
"ITEM-0054","Heparine Cap","1*100","ea","180","의료소모품","MED_INJECTION","MEDICAL","주사·투약"
"ITEM-0055","novo fine","32G","ea","24200","의료소모품","MED_INJECTION","MEDICAL","주사·투약"
"ITEM-0056","TWO-lumen cvc","7Fr","ea","31900","의료소모품","MED_CATHETER","MEDICAL","카테터"
"ITEM-0057","I.V CATH","18G(45mm)","ea","16500","의료소모품","MED_CATHETER","MEDICAL","카테터"
"ITEM-0058","Urine Bag","EA","ea","1290","의료소모품","MED_CATHETER","MEDICAL","카테터"
"ITEM-0059","S/Foley Cath","12Fr","ea","3790","의료소모품","MED_CATHETER","MEDICAL","카테터"
"ITEM-0060","S/Foley Cath","14Fr","ea","3790","의료소모품","MED_CATHETER","MEDICAL","카테터"
"ITEM-0061","S/Foley Cath","16Fr(3way)","ea","4700","의료소모품","MED_CATHETER","MEDICAL","카테터"
"ITEM-0062","S/Foley Cath","16Fr","ea","3790","의료소모품","MED_CATHETER","MEDICAL","카테터"
"ITEM-0063","S/Foley Cath","18Fr","ea","3790","의료소모품","MED_CATHETER","MEDICAL","카테터"
"ITEM-0064","S/Foley Cath","20Fr","ea","3790","의료소모품","MED_CATHETER","MEDICAL","카테터"
"ITEM-0065","S/Foley cath","22Fr","ea","3790","의료소모품","MED_CATHETER","MEDICAL","카테터"
"ITEM-0066","S/Foley cath","24Fr","ea","3790","의료소모품","MED_CATHETER","MEDICAL","카테터"
"ITEM-0067","Nelaton Cath","6Fr","ea","341","의료소모품","MED_CATHETER","MEDICAL","카테터"
"ITEM-0068","Nelaton Cath","7Fr","ea","341","의료소모품","MED_CATHETER","MEDICAL","카테터"
"ITEM-0069","Nelaton Cath","8Fr","ea","341","의료소모품","MED_CATHETER","MEDICAL","카테터"
"ITEM-0070","Rectal Tube","28Fr","ea","1480","의료소모품","MED_CATHETER","MEDICAL","카테터"
"ITEM-0071","Levin Tube","14Fr","ea","3850","의료소모품","MED_CATHETER","MEDICAL","카테터"
"ITEM-0072","Levin Tube","16Fr","ea","3850","의료소모품","MED_CATHETER","MEDICAL","카테터"
"ITEM-0073","Levin Tube","18Fr","ea","3850","의료소모품","MED_CATHETER","MEDICAL","카테터"
"ITEM-0074","Suction Tip(일체형)","12Fr","ea","495","의료소모품","MED_AIRWAY","MEDICAL","호흡"
"ITEM-0075","Suction Tip(일체형)","14Fr","ea","495","의료소모품","MED_AIRWAY","MEDICAL","호흡"
"ITEM-0076","Suction Tip(일체형)","16Fr","ea","495","의료소모품","MED_AIRWAY","MEDICAL","호흡"
"ITEM-0077","Suction Tip(일체형)","18Fr","ea","495","의료소모품","MED_AIRWAY","MEDICAL","호흡"
"ITEM-0078","Suction line","ea","ea","1870","의료소모품","MED_AIRWAY","MEDICAL","호흡"
"ITEM-0079","Connector","I-Type","ea","180","의료소모품","MED_CATHETER","MEDICAL","카테터"
"ITEM-0080","Connector","Y-Type","ea","180","의료소모품","MED_CATHETER","MEDICAL","카테터"
"ITEM-0081","Surgical Glove","L","ea","330","의료소모품","STAFF_GLOVE","GENERAL","장갑"
"ITEM-0082","Surgical Glove","M","ea","330","의료소모품","STAFF_GLOVE","GENERAL","장갑"
"ITEM-0083","Surgical Glove","S","ea","330","의료소모품","STAFF_GLOVE","GENERAL","장갑"
"ITEM-0084","E.K.G. Paper","ea","ea","1100","의료소모품","MED_OTHER","MEDICAL","fallback-의료소모품"
"ITEM-0085","EKG Electrode","Skintact","ea","7290","의료소모품","MED_MONITOR","MEDICAL","검사·모니터"
"ITEM-0086","T-Tube","6","ea","14260","의료소모품","MED_CATHETER","MEDICAL","카테터"
"ITEM-0087","T-Tube","6.5","ea","14260","의료소모품","MED_CATHETER","MEDICAL","카테터"
"ITEM-0088","T-Tube","7","ea","14260","의료소모품","MED_CATHETER","MEDICAL","카테터"
"ITEM-0089","T-Tube","7.5","ea","14260","의료소모품","MED_CATHETER","MEDICAL","카테터"
"ITEM-0090","T-tube","8","EA","14260","의료소모품","MED_CATHETER","MEDICAL","카테터"
"ITEM-0091","Speechcannuia","9","ea","40710","의료소모품","MED_AIRWAY","MEDICAL","호흡"
"ITEM-0092","Speechcannuia","10","ea","40710","의료소모품","MED_AIRWAY","MEDICAL","호흡"
"ITEM-0093","Air Way","3#(96mm)","ea","1350","의료소모품","MED_AIRWAY","MEDICAL","호흡"
"ITEM-0094","Air Way","4호","ea","1350","의료소모품","MED_AIRWAY","MEDICAL","호흡"
"ITEM-0095","Air Way","7호","ea","1350","의료소모품","MED_AIRWAY","MEDICAL","호흡"
"ITEM-0096","T-piece","ea","ea","4750","의료소모품","MED_CATHETER","MEDICAL","카테터"
"ITEM-0097","O2 Mask","성인","ea","1950","의료소모품","MED_AIRWAY","MEDICAL","호흡"
"ITEM-0098","O2 Mask","소아용","ea","3300","의료소모품","MED_AIRWAY","MEDICAL","호흡"
"ITEM-0099","Nasal Cannular","240cm(green)","ea","1210","의료소모품","MED_AIRWAY","MEDICAL","호흡"
"ITEM-0100","Nasal Cannular","소아용","ea","2750","의료소모품","MED_AIRWAY","MEDICAL","호흡"
"ITEM-0101","Nebuilzer Kit","#8900(k4200008)","ea","22620","의료소모품","MED_OTHER","MEDICAL","fallback-의료소모품"
"ITEM-0102","Nebuilzer Mask","EA","ea","1730","의료소모품","MED_OTHER","MEDICAL","fallback-의료소모품"
"ITEM-0103","O2 LINE","EA","ea","1550","의료소모품","MED_AIRWAY","MEDICAL","호흡"
"ITEM-0104","BREATHING SET","ea","EA","101760","의료소모품","MED_AIRWAY","MEDICAL","호흡"
"ITEM-0105","3m indicator","1322-24mm","ea","11500","의료소모품","MED_DRESSING","MEDICAL","드레싱"
"ITEM-0106","수성 indicator","1322-24mm","EA","6600","의료소모품","MED_DRESSING","MEDICAL","드레싱"
"ITEM-0107","Steam cemicl","indicator","ea","29700","의료소모품","MED_DRESSING","MEDICAL","드레싱"
"ITEM-0108","3-Way","ea","ea","320","의료소모품","MED_INJECTION","MEDICAL","주사·투약"
"ITEM-0109","동서미니뜸","180's","ea","4400","의료소모품","MED_OTHER","MEDICAL","fallback-의료소모품"
"ITEM-0110","동방침","0.20*30mm","ea","15600","의료소모품","MED_OTHER","MEDICAL","fallback-의료소모품"
"ITEM-0111","동방침","0.25*30mm","ea","15600","의료소모품","MED_OTHER","MEDICAL","fallback-의료소모품"
"ITEM-0112","봉합사(NYLON)","3","ea","34320","의료소모품","MED_OTHER","MEDICAL","수술·기타 의료"
"ITEM-0113","봉합사(NYLON)","4","ea","34080","의료소모품","MED_OTHER","MEDICAL","수술·기타 의료"
"ITEM-0114","봉합사(NYLON)","5","ea","42420","의료소모품","MED_OTHER","MEDICAL","수술·기타 의료"
"ITEM-0115","biological indicator","1262/100's","ea","297000","의료소모품","MED_DRESSING","MEDICAL","드레싱"
"ITEM-0116","SEP Steam Label","indicator","ea","100000","의료소모품","MED_DRESSING","MEDICAL","드레싱"
"ITEM-0117","Surgical Jelly","120g","ea","3300","의료소모품","MED_OTHER","MEDICAL","fallback-의료소모품"
"ITEM-0118","손소독제","","ea","","의료소모품","FAC_CLEAN","GENERAL","청소·위생"
"ITEM-0119","뉴젠","ea","ea","80000","의료소모품","MED_OTHER","MEDICAL","fallback-의료소모품"
"ITEM-0120","과산화수소","250ml","ea","270","의료소모품","MED_OTHER","MEDICAL","fallback-의료소모품"
"ITEM-0121","염화벤잘코늄","1L","ea","4400","의료소모품","MED_OTHER","MEDICAL","fallback-의료소모품"
"ITEM-0122","아세톤","100ml","ea","550","의료소모품","MED_OTHER","MEDICAL","fallback-의료소모품"
"ITEM-0123","알코올","1L","ea","3630","의료소모품","MED_OTHER","MEDICAL","fallback-의료소모품"
"ITEM-0124","에탄올","18L","ea","37400","의료소모품","MED_OTHER","MEDICAL","fallback-의료소모품"
"ITEM-0125","쑥봉지","EA","EA","7600","의료소모품","MED_OTHER","MEDICAL","fallback-의료소모품"
"ITEM-0126","바일백","EA","EA","1220","의료소모품","MED_OTHER","MEDICAL","fallback-의료소모품"
"ITEM-0127","SURECAN SAFETY","20G","EA","6920","의료소모품","MED_CATHETER","MEDICAL","카테터"
"ITEM-0128","M-VAC","2Way","ea","17160","의료소모품","MED_AIRWAY","MEDICAL","호흡"
"ITEM-0129","TRACOE","REF320 7#","ea","60500","의료소모품","MED_AIRWAY","MEDICAL","호흡"
"ITEM-0130","Poly glove","ea","EA","1220","의료소모품","STAFF_GLOVE","GENERAL","장갑"
"ITEM-0131","체온계 캡","EA","ea","2500","의료소모품","MED_MONITOR","MEDICAL","검사·모니터"
"ITEM-0132","투약병","30㎖","ea","66","의료소모품","MED_INJECTION","MEDICAL","주사·투약"
"ITEM-0133","투약병","60㎖","ea","70","의료소모품","MED_INJECTION","MEDICAL","주사·투약"
"ITEM-0134","투약병","100㎖","ea","88","의료소모품","MED_INJECTION","MEDICAL","주사·투약"
"ITEM-0135","토니켓","4호","ea","33000","의료소모품","MED_OTHER","MEDICAL","fallback-의료소모품"
"ITEM-0136","ENDO TUBE","6","ea","3230","의료소모품","MED_AIRWAY","MEDICAL","호흡"
"ITEM-0137","ENDO TUBE","6.5","ea","3230","의료소모품","MED_AIRWAY","MEDICAL","호흡"
"ITEM-0138","ENDO TUBE","7","ea","3230","의료소모품","MED_AIRWAY","MEDICAL","호흡"
"ITEM-0139","ENDO TUBE","7.5","ea","3230","의료소모품","MED_AIRWAY","MEDICAL","호흡"
"ITEM-0140","ENDO TUBE","8","ea","3230","의료소모품","MED_AIRWAY","MEDICAL","호흡"
"ITEM-0141","STYLET","","ea","11000","의료소모품","MED_AIRWAY","MEDICAL","호흡"
"ITEM-0142","LARYNGO SCOPY","대","ea","9680","의료소모품","MED_AIRWAY","MEDICAL","호흡"
"ITEM-0143","AED 패드","EA","EA","77000","의료소모품","MED_MONITOR","MEDICAL","검사·모니터"
"ITEM-0144","청진기","단면","ea","9500","의료소모품","MED_MONITOR","MEDICAL","검사·모니터"
"ITEM-0145","시저","EA","ea","6600","의료소모품","MED_OTHER","MEDICAL","fallback-의료소모품"
"ITEM-0146","부항","1호","ea","1320","의료소모품","MED_OTHER","MEDICAL","fallback-의료소모품"
"ITEM-0147","부항","3호","ea","1320","의료소모품","MED_OTHER","MEDICAL","fallback-의료소모품"
"ITEM-0148","surgical blade","no.10","ea","22000","의료소모품","MED_OTHER","MEDICAL","수술·기타 의료"
"ITEM-0149","surgical blade","no.11","ea","22000","의료소모품","MED_OTHER","MEDICAL","수술·기타 의료"
"ITEM-0150","Focep","16cm","ea","4850","의료소모품","MED_OTHER","MEDICAL","수술·기타 의료"
"ITEM-0151","절사","","ea","","의료소모품","MED_OTHER","MEDICAL","fallback-의료소모품"
"ITEM-0152","크린백","","EA","1800","일반소모품","FAC_OTHER","GENERAL","fallback-일반소모품"
"ITEM-0153","지퍼백","","EA","6000","일반소모품","FAC_OTHER","GENERAL","fallback-일반소모품"
"ITEM-0154","수건","","EA","1500","일반소모품","PAT_BATH","GENERAL","세면·목욕"
"ITEM-0155","안면수건","","EA","900","일반소모품","PAT_BATH","GENERAL","세면·목욕"
"ITEM-0156","행주","","EA","700","일반소모품","FAC_CLEAN","GENERAL","청소·위생"
"ITEM-0157","샴푸","","EA","","일반소모품","PAT_BATH","GENERAL","세면·목욕"
"ITEM-0158","치약","","EA","","일반소모품","PAT_BATH","GENERAL","세면·목욕"
"ITEM-0159","세수비누","","EA","","일반소모품","PAT_BATH","GENERAL","세면·목욕"
"ITEM-0160","빨래비누","","EA","","일반소모품","PAT_BATH","GENERAL","세면·목욕"
"ITEM-0161","거품타월","","EA","","일반소모품","PAT_BATH","GENERAL","세면·목욕"
"ITEM-0162","수세미","","EA","","일반소모품","FAC_CLEAN","GENERAL","청소·위생"
"ITEM-0163","철수세미","","EA","900","일반소모품","FAC_CLEAN","GENERAL","청소·위생"
"ITEM-0164","고무장갑(적) 악어","대","EA","2300","일반소모품","STAFF_GLOVE","GENERAL","장갑"
"ITEM-0165","고무장갑(빨강)","중","EA","1900","일반소모품","STAFF_GLOVE","GENERAL","장갑"
"ITEM-0166","고무장갑(노랑)","소","EA","850","일반소모품","STAFF_GLOVE","GENERAL","장갑"
"ITEM-0167","고무장갑(분홍)","중","EA","1900","일반소모품","STAFF_GLOVE","GENERAL","장갑"
"ITEM-0168","고무장갑(아이보리)","중","EA","1900","일반소모품","STAFF_GLOVE","GENERAL","장갑"
"ITEM-0169","종이컵","","EA","575","일반소모품","FAC_OTHER","GENERAL","fallback-일반소모품"
"ITEM-0170","쓰레기봉투","파랑","EA","3000","일반소모품","FAC_STORAGE","GENERAL","수납"
"ITEM-0171","쓰레기봉투","흑색","EA","2400","일반소모품","FAC_STORAGE","GENERAL","수납"
"ITEM-0172","분무기","","EA","","일반소모품","FAC_CLEAN","GENERAL","청소·위생"
"ITEM-0173","홈키파 에어졸","","EA","2200","일반소모품","FAC_OTHER","GENERAL","fallback-일반소모품"
"ITEM-0174","점보롤","","EA","2000","일반소모품","FAC_CLEAN","GENERAL","청소·위생"
"ITEM-0175","점기사장갑","","EA","350","일반소모품","STAFF_GLOVE","GENERAL","장갑"
"ITEM-0176","줄기사장갑","","EA","350","일반소모품","STAFF_GLOVE","GENERAL","장갑"
"ITEM-0177","키친타올","","EA","","일반소모품","FAC_OTHER","GENERAL","fallback-일반소모품"
"ITEM-0178","바디클렌져","","EA","","일반소모품","PAT_BATH","GENERAL","세면·목욕"
"ITEM-0179","바디로션","","EA","","일반소모품","PAT_BATH","GENERAL","세면·목욕"
"ITEM-0180","세탁세제","","EA","","일반소모품","FAC_CLEAN","GENERAL","청소·위생"
"ITEM-0181","극세사 손걸레","","EA","","일반소모품","FAC_CLEAN","GENERAL","청소·위생"
"ITEM-0182","식이앞치마","","EA","","일반소모품","STAFF_OTHER","GENERAL","보호구"
"ITEM-0183","식가위","","EA","","일반소모품","OFF_STATIONERY","OFFICE","문구"
"ITEM-0184","갈대빗자루","","EA","","일반소모품","FAC_CLEAN","GENERAL","청소·위생"
"ITEM-0185","밀걸레","","EA","","일반소모품","FAC_CLEAN","GENERAL","청소·위생"
"ITEM-0186","건전지 (AA)","","EA","","일반소모품","FAC_ELECTRONIC","GENERAL","전자·가전"
"ITEM-0187","건전지 (AAA)","","EA","","일반소모품","FAC_ELECTRONIC","GENERAL","전자·가전"
"ITEM-0188","퐁퐁","","EA","8000","일반소모품","FAC_OTHER","GENERAL","fallback-일반소모품"
"ITEM-0189","락스","","EA","7000","일반소모품","FAC_CLEAN","GENERAL","청소·위생"
"ITEM-0190","변기솔","","EA","2000","일반소모품","FAC_CLEAN","GENERAL","청소·위생"
"ITEM-0191","물병솔","","EA","1500","일반소모품","FAC_CLEAN","GENERAL","청소·위생"
"ITEM-0192","핸드타올","","EA","580","일반소모품","FAC_CLEAN","GENERAL","청소·위생"
"ITEM-0193","냅킨","","EA","","일반소모품","PAT_OTHER","GENERAL","환자용품"
"ITEM-0194","니트릴장갑","M","EA","","일반소모품","STAFF_GLOVE","GENERAL","장갑"
"ITEM-0195","니트릴장갑","L","EA","","일반소모품","STAFF_GLOVE","GENERAL","장갑"
"ITEM-0196","니트릴장갑","S","EA","","일반소모품","STAFF_GLOVE","GENERAL","장갑"
"ITEM-0197","목욕앞치마","곤색","EA","","일반소모품","PAT_BATH","GENERAL","세면·목욕"
"ITEM-0198","목욕앞치마","적색","EA","","일반소모품","PAT_BATH","GENERAL","세면·목욕"
"ITEM-0199","고무줄","","EA","","일반소모품","FAC_OTHER","GENERAL","시설 기타"
"ITEM-0200","손톱깍기","대형","EA","","일반소모품","PAT_BATH","GENERAL","세면·목욕"
"ITEM-0201","발톱깍기","대형","EA","","일반소모품","FAC_OTHER","GENERAL","fallback-일반소모품"
"ITEM-0202","가글","","EA","","일반소모품","PAT_BATH","GENERAL","세면·목욕"
"ITEM-0203","쓰레받이","","EA","","일반소모품","FAC_CLEAN","GENERAL","청소·위생"
"ITEM-0204","고무장화","230","ea","","일반소모품","STAFF_SHOE","GENERAL","신발"
"ITEM-0205","고무장화","235","ea","","일반소모품","STAFF_SHOE","GENERAL","신발"
"ITEM-0206","고무장화","240","ea","","일반소모품","STAFF_SHOE","GENERAL","신발"
"ITEM-0207","고무장화","245","ea","","일반소모품","STAFF_SHOE","GENERAL","신발"
"ITEM-0208","고무장화","250","ea","","일반소모품","STAFF_SHOE","GENERAL","신발"
"ITEM-0209","고무장화","255","ea","","일반소모품","STAFF_SHOE","GENERAL","신발"
"ITEM-0210","고무장화","260","ea","","일반소모품","STAFF_SHOE","GENERAL","신발"
"ITEM-0211","고무장화","265","ea","","일반소모품","STAFF_SHOE","GENERAL","신발"
"ITEM-0212","고무장화","270","ea","","일반소모품","STAFF_SHOE","GENERAL","신발"
"ITEM-0213","고무장화","275","ea","","일반소모품","STAFF_SHOE","GENERAL","신발"
"ITEM-0214","고무장화","280","ea","","일반소모품","STAFF_SHOE","GENERAL","신발"
"ITEM-0215","고무장화","285","ea","","일반소모품","STAFF_SHOE","GENERAL","신발"
"ITEM-0216","고무장화","290","ea","","일반소모품","STAFF_SHOE","GENERAL","신발"
"ITEM-0217","3M수세미","","ea","","일반소모품","FAC_CLEAN","GENERAL","청소·위생"
"ITEM-0218","빨아쓰는 행주타월","","ea","","일반소모품","PAT_BATH","GENERAL","세면·목욕"
"ITEM-0219","덴탈마스크","파랑","ea","","일반소모품","MED_AIRWAY","MEDICAL","호흡"
"ITEM-0220","덴탈마스크","흰색","ea","","일반소모품","MED_AIRWAY","MEDICAL","호흡"
"ITEM-0221","방수앞치마(남색)","대","ea","","일반소모품","STAFF_OTHER","GENERAL","보호구"
"ITEM-0222","방수앞치마(검정)","대","ea","","일반소모품","STAFF_OTHER","GENERAL","보호구"
"ITEM-0223","방수앞치마(노랑)","대","ea","","일반소모품","STAFF_OTHER","GENERAL","보호구"
"ITEM-0224","방수앞치마(핑크)","대","ea","","일반소모품","STAFF_OTHER","GENERAL","보호구"
"ITEM-0225","방수앞치마(보라)","대","ea","","일반소모품","STAFF_OTHER","GENERAL","보호구"
"ITEM-0226","방수앞치마(오렌지)","대","ea","","일반소모품","STAFF_OTHER","GENERAL","보호구"
"ITEM-0227","방수앞치마(녹색)","대","ae","","일반소모품","STAFF_OTHER","GENERAL","보호구"
"ITEM-0228","방수앞치마(은색)","대","ea","","일반소모품","STAFF_OTHER","GENERAL","보호구"
"ITEM-0229","종이컵","8온스","ea","","일반소모품","FAC_OTHER","GENERAL","fallback-일반소모품"
"ITEM-0230","종이컵","20온스","ea","","일반소모품","FAC_OTHER","GENERAL","fallback-일반소모품"
"ITEM-0231","독일행주","ea","EA","","일반소모품","FAC_CLEAN","GENERAL","청소·위생"
"ITEM-0232","롤 크라프트지","ea","EA","","일반소모품","FAC_OTHER","GENERAL","fallback-일반소모품"
"ITEM-0233","칼갈이","ea","EA","","일반소모품","FAC_OTHER","GENERAL","fallback-일반소모품"
"ITEM-0234","다달트 밀걸레","ea","EA","","일반소모품","FAC_CLEAN","GENERAL","청소·위생"
"ITEM-0235","다달트 밀걸레대","ea","EA","","일반소모품","FAC_CLEAN","GENERAL","청소·위생"
"ITEM-0236","아이스크림 스푼","ea","EA","","일반소모품","FAC_OTHER","GENERAL","시설 기타"
"ITEM-0237","물티슈","ea","EA","1100","일반소모품","PAT_BATH","GENERAL","세면·목욕"
"ITEM-0238","목초액","","ea","","일반소모품","PAT_OTHER","GENERAL","환자용품"
"ITEM-0239","워셔액","","ea","","일반소모품","FAC_CLEAN","GENERAL","청소·위생"
"ITEM-0240","락스500ml","","ea","","일반소모품","FAC_CLEAN","GENERAL","청소·위생"
"ITEM-0241","칫솔","","ea","","일반소모품","PAT_BATH","GENERAL","세면·목욕"
"ITEM-0242","천앞치마","","ea","","일반소모품","STAFF_OTHER","GENERAL","보호구"
"ITEM-0243","방석","","ea","","일반소모품","PAT_OTHER","GENERAL","환자용품"
"ITEM-0244","먼지털이","","ea","","일반소모품","FAC_OTHER","GENERAL","fallback-일반소모품"
"ITEM-0245","극세사걸레","","ea","","일반소모품","FAC_CLEAN","GENERAL","청소·위생"
"ITEM-0246","극세사밀걸레","90cm","ea","","일반소모품","FAC_CLEAN","GENERAL","청소·위생"
"ITEM-0247","다목적세정제","","ea","","일반소모품","FAC_CLEAN","GENERAL","청소·위생"
"ITEM-0248","유리세정제","","ea","","일반소모품","FAC_CLEAN","GENERAL","청소·위생"
"ITEM-0249","소변기/하수구세정제","","ea","","일반소모품","FAC_CLEAN","GENERAL","청소·위생"
"ITEM-0250","각티슈","","ea","","일반소모품","PAT_OTHER","GENERAL","환자용품"
"ITEM-0251","본드","","ea","","일반소모품","OFF_STATIONERY","OFFICE","문구"
"ITEM-0252","위생마스크","","ea","","일반소모품","MED_AIRWAY","MEDICAL","호흡"
"ITEM-0253","건전지","CR2032","ea","","일반소모품","FAC_ELECTRONIC","GENERAL","전자·가전"
"ITEM-0254","건전지","LR41","ea","","일반소모품","FAC_ELECTRONIC","GENERAL","전자·가전"
"ITEM-0255","건전지","LR44","ea","","일반소모품","FAC_ELECTRONIC","GENERAL","전자·가전"
"ITEM-0256","건전지","R20 D","ea","","일반소모품","FAC_ELECTRONIC","GENERAL","전자·가전"
"ITEM-0257","침대명찰","","ea","","일반소모품","PAT_OTHER","GENERAL","환자용품"
"ITEM-0258","일회용 앞치마","","ea","8190.6","일반소모품","STAFF_OTHER","GENERAL","보호구"
"ITEM-0259","일회용 비닐가운","","ea","300","일반소모품","STAFF_OTHER","GENERAL","보호구"
"ITEM-0260","정수기 물컵","","ea","","일반소모품","FAC_ELECTRONIC","GENERAL","전자·가전"
"ITEM-0261","슬리퍼","230","ea","","일반소모품","PAT_OTHER","GENERAL","환자용품"
"ITEM-0262","슬리퍼","235","ea","","일반소모품","PAT_OTHER","GENERAL","환자용품"
"ITEM-0263","슬리퍼","240","ea","","일반소모품","PAT_OTHER","GENERAL","환자용품"
"ITEM-0264","슬리퍼","245","ea","","일반소모품","PAT_OTHER","GENERAL","환자용품"
"ITEM-0265","슬리퍼","250","ea","","일반소모품","PAT_OTHER","GENERAL","환자용품"
"ITEM-0266","슬리퍼","255","ea","","일반소모품","PAT_OTHER","GENERAL","환자용품"
"ITEM-0267","슬리퍼","260","ea","","일반소모품","PAT_OTHER","GENERAL","환자용품"
"ITEM-0268","슬리퍼","265","ea","","일반소모품","PAT_OTHER","GENERAL","환자용품"
"ITEM-0269","슬리퍼","270","ea","","일반소모품","PAT_OTHER","GENERAL","환자용품"
"ITEM-0270","슬리퍼","280","ea","","일반소모품","PAT_OTHER","GENERAL","환자용품"
"ITEM-0271","칫솔/치약세트","","ea","","일반소모품","PAT_BATH","GENERAL","세면·목욕"
"ITEM-0272","습기제거제","","ea","","일반소모품","FAC_CLEAN","GENERAL","청소·위생"
"ITEM-0273","우의","","ea","","일반소모품","STAFF_OTHER","GENERAL","보호구"
"ITEM-0274","핫팩","포켓용","ea","","일반소모품","PAT_OTHER","GENERAL","환자용품"
"ITEM-0275","핫팩","붙착형","ea","","일반소모품","PAT_OTHER","GENERAL","환자용품"
"ITEM-0276","자석비누 홀더","","ea","","일반소모품","PAT_BATH","GENERAL","세면·목욕"
"ITEM-0277","발톱 니퍼","","ea","","일반소모품","PAT_BATH","GENERAL","세면·목욕"
"ITEM-0278","홈메트 리쿼드","","ea","","일반소모품","FAC_OTHER","GENERAL","fallback-일반소모품"
"ITEM-0279","일회용 숟가락","","ea","","일반소모품","FAC_OTHER","GENERAL","시설 기타"
"ITEM-0280","일회용 젖가락","","ea","","일반소모품","FAC_OTHER","GENERAL","fallback-일반소모품"
"ITEM-0281","일회용 우산비닐","","ea","","일반소모품","FAC_OTHER","GENERAL","시설 기타"
"ITEM-0282","일회용 헤어캡","","ea","","일반소모품","STAFF_OTHER","GENERAL","보호구"
"ITEM-0283","일회용 식탁보","","ea","","일반소모품","FAC_OTHER","GENERAL","시설 기타"
"ITEM-0284","벽걸이 선풍기 보관커버","히터겸용","ea","","일반소모품","FAC_ELECTRONIC","GENERAL","전자·가전"
"ITEM-0285","세탁망","","ea","","일반소모품","FAC_CLEAN","GENERAL","청소·위생"
"ITEM-0286","유리알콜램프","","ea","","일반소모품","MED_OTHER","MEDICAL","수술·기타 의료"
"ITEM-0287","유리알콜램프 뚜껑","","ea","","일반소모품","MED_OTHER","MEDICAL","수술·기타 의료"
"ITEM-0288","유리알콜램프 심지꽂이","","ea","","일반소모품","MED_OTHER","MEDICAL","수술·기타 의료"
"ITEM-0289","억제대","","ea","","일반소모품","PAT_OTHER","GENERAL","환자용품"
"ITEM-0290","기저귀 속지","","ea","","일반소모품","PAT_DIAPER","DIAPER_CARE","기저귀"
"ITEM-0291","주걱","","ea","","일반소모품","FAC_OTHER","GENERAL","fallback-일반소모품"
"ITEM-0292","일회용 접시","","ea","","일반소모품","FAC_OTHER","GENERAL","시설 기타"
"ITEM-0293","일회용 수세미","","ea","","일반소모품","FAC_CLEAN","GENERAL","청소·위생"
"ITEM-0294","이쑤시개","","ea","","일반소모품","PAT_OTHER","GENERAL","환자용품"
"ITEM-0295","빨래집게","","ea","","일반소모품","FAC_CLEAN","GENERAL","청소·위생"
"ITEM-0296","테이블커버","","ea","","일반소모품","FAC_OTHER","GENERAL","fallback-일반소모품"
"ITEM-0297","마우스 패드","","ea","","일반소모품","OFF_EQUIP","OFFICE","사무기기"
"ITEM-0298","마우스 장패드","","ea","","일반소모품","OFF_EQUIP","OFFICE","사무기기"
"ITEM-0299","SD카드","256GB","EA","","일반소모품","FAC_ELECTRONIC","GENERAL","전자·가전"
"ITEM-0300","점화기","265mm","EA","","일반소모품","FAC_OTHER","GENERAL","fallback-일반소모품"
"ITEM-0301","베이킹소다 세정제","","ea","","일반소모품","FAC_CLEAN","GENERAL","청소·위생"
"ITEM-0302","스퀴지","","ea","","일반소모품","FAC_CLEAN","GENERAL","청소·위생"
"ITEM-0303","아크릴집게명찰","","ea","","일반소모품","STAFF_OTHER","GENERAL","보호구"
"ITEM-0304","핸드워시 리필","거품형","ea","","일반소모품","FAC_OTHER","GENERAL","fallback-일반소모품"
"ITEM-0305","핸드워시 리필","액체형","ea","","일반소모품","FAC_OTHER","GENERAL","fallback-일반소모품"
"ITEM-0306","점화기","소","EA","","일반소모품","FAC_OTHER","GENERAL","fallback-일반소모품"
"ITEM-0307","바구니","25*16*10","EA","","일반소모품","FAC_STORAGE","GENERAL","수납"
"ITEM-0308","쇼파 세정제","","EA","","일반소모품","FAC_CLEAN","GENERAL","청소·위생"
"ITEM-0309","스펀지 수세미","","EA","","일반소모품","FAC_CLEAN","GENERAL","청소·위생"
"ITEM-0310","박스테이프","","ea","","사무용품","OFF_OTHER","OFFICE","fallback-사무용품"
"ITEM-0311","투명테이프","1절","ea","","사무용품","OFF_OTHER","OFFICE","fallback-사무용품"
"ITEM-0312","투명테이프","3절","ea","","사무용품","OFF_OTHER","OFFICE","fallback-사무용품"
"ITEM-0313","양면테이프","1절","ea","","사무용품","OFF_OTHER","OFFICE","fallback-사무용품"
"ITEM-0314","양면테이프","2절","ea","","사무용품","OFF_OTHER","OFFICE","fallback-사무용품"
"ITEM-0315","볼펜","검정","ea","","사무용품","OFF_STATIONERY","OFFICE","문구"
"ITEM-0316","볼펜","빨강","ea","","사무용품","OFF_STATIONERY","OFFICE","문구"
"ITEM-0317","네임펜","검정","ea","","사무용품","OFF_STATIONERY","OFFICE","문구"
"ITEM-0318","네임펜","빨강","ea","","사무용품","OFF_STATIONERY","OFFICE","문구"
"ITEM-0319","네임펜","파랑","ea","","사무용품","OFF_STATIONERY","OFFICE","문구"
"ITEM-0320","복사용지( A4)","","ea","","사무용품","OFF_PAPER","OFFICE","용지·라벨·인쇄물"
"ITEM-0321","스테플러심(33호)","","ea","","사무용품","OFF_STATIONERY","OFFICE","문구"
"ITEM-0322","딱풀","","ea","","사무용품","OFF_STATIONERY","OFFICE","문구"
"ITEM-0323","지우개연필","","ea","","사무용품","OFF_STATIONERY","OFFICE","문구"
"ITEM-0324","지우개","","ea","","사무용품","OFF_STATIONERY","OFFICE","문구"
"ITEM-0325","수정테이프","","ea","","사무용품","OFF_STATIONERY","OFFICE","문구"
"ITEM-0326","스프링노트","","ea","","사무용품","OFF_PAPER","OFFICE","용지·라벨·인쇄물"
"ITEM-0327","중고노트","","ea","","사무용품","OFF_PAPER","OFFICE","용지·라벨·인쇄물"
"ITEM-0328","포스트잇","","ea","","사무용품","OFF_PAPER","OFFICE","용지·라벨·인쇄물"
"ITEM-0329","견출지(수액라벨지)","","ea","","사무용품","OFF_PAPER","OFFICE","용지·라벨·인쇄물"
"ITEM-0330","유성매직","검정","ea","","사무용품","OFF_STATIONERY","OFFICE","문구"
"ITEM-0331","사무용칼심","","ea","","사무용품","OFF_OTHER","OFFICE","fallback-사무용품"
"ITEM-0332","사무용칼","","ea","","사무용품","OFF_OTHER","OFFICE","fallback-사무용품"
"ITEM-0333","사무용가위","","ea","","사무용품","OFF_STATIONERY","OFFICE","문구"
"ITEM-0334","자(30cm)","","ea","","사무용품","OFF_STATIONERY","OFFICE","문구"
"ITEM-0335","형광펜","연두","ea","","사무용품","OFF_STATIONERY","OFFICE","문구"
"ITEM-0336","형광펜","노랑","ea","","사무용품","OFF_STATIONERY","OFFICE","문구"
"ITEM-0337","형광펜","파랑","ea","","사무용품","OFF_STATIONERY","OFFICE","문구"
"ITEM-0338","빨대","","ea","","사무용품","OFF_OTHER","OFFICE","fallback-사무용품"
"ITEM-0339","보드마카","검정","ea","","사무용품","OFF_STATIONERY","OFFICE","문구"
"ITEM-0340","보드마카","빨강","ea","","사무용품","OFF_STATIONERY","OFFICE","문구"
"ITEM-0341","보드마카 지우개","","ea","","사무용품","OFF_STATIONERY","OFFICE","문구"
"ITEM-0342","스테플러","33호","ea","","사무용품","OFF_STATIONERY","OFFICE","문구"
"ITEM-0343","페이퍼 클립","","ea","","사무용품","OFF_STATIONERY","OFFICE","문구"
"ITEM-0344","정부화일","분홍색","ea","","사무용품","OFF_FILE","OFFICE","파일"
"ITEM-0345","정부화일","연두색","ea","","사무용품","OFF_FILE","OFFICE","파일"
"ITEM-0346","정부화일","노란색","ea","","사무용품","OFF_FILE","OFFICE","파일"
"ITEM-0347","정부화일","파랑색","ea","","사무용품","OFF_FILE","OFFICE","파일"
"ITEM-0348","문서보관상자","분홍색","ea","","사무용품","FAC_STORAGE","GENERAL","수납"
"ITEM-0349","문서보관상자","연두색","ea","","사무용품","FAC_STORAGE","GENERAL","수납"
"ITEM-0350","문서보관상자","노란색","ea","","사무용품","FAC_STORAGE","GENERAL","수납"
"ITEM-0351","문서보관상자","파랑색","ea","","사무용품","FAC_STORAGE","GENERAL","수납"
"ITEM-0352","A5복사용지","","ea","","사무용품","OFF_PAPER","OFFICE","용지·라벨·인쇄물"
"ITEM-0353","A4 코팅지","","EA","","사무용품","OFF_PAPER","OFFICE","용지·라벨·인쇄물"
"ITEM-0354","USB","64GB","EA","","사무용품","FAC_ELECTRONIC","GENERAL","전자·가전"
"ITEM-0355","양면 네임펜","검정","ea","","사무용품","OFF_STATIONERY","OFFICE","문구"
"ITEM-0356","책철","70mm","ea","","사무용품","OFF_FILE","OFFICE","파일"
"ITEM-0357","2공 펀치","70mm","ea","","사무용품","OFF_FILE","OFFICE","파일"
"ITEM-0358","포스트잇 플래그","44*6","EA","","사무용품","OFF_PAPER","OFFICE","용지·라벨·인쇄물"
"ITEM-0359","색종이","단면","ea","","사무용품","OFF_PAPER","OFFICE","용지·라벨·인쇄물"
"ITEM-0360","색종이","양면","ea","","사무용품","OFF_PAPER","OFFICE","용지·라벨·인쇄물"
"ITEM-0361","더블클립","소","ea","","사무용품","OFF_STATIONERY","OFFICE","문구"
"ITEM-0362","더블클립","중","ea","","사무용품","OFF_STATIONERY","OFFICE","문구"
"ITEM-0363","더블클립","대","ea","","사무용품","OFF_STATIONERY","OFFICE","문구"
"ITEM-0364","더블클립","특대","ea","","사무용품","OFF_STATIONERY","OFFICE","문구"
"ITEM-0365","칼라분류용라벨 파랑","5mm","ea","","사무용품","OFF_PAPER","OFFICE","용지·라벨·인쇄물"
"ITEM-0366","칼라분류용라벨 검정","5mm","ea","","사무용품","OFF_PAPER","OFFICE","용지·라벨·인쇄물"
"ITEM-0367","칼라분류용라벨 빨강","5mm","ea","","사무용품","OFF_PAPER","OFFICE","용지·라벨·인쇄물"
"ITEM-0368","칼라분류용라벨 노랑","5mm","ea","","사무용품","OFF_PAPER","OFFICE","용지·라벨·인쇄물"
"ITEM-0369","칼라분류용라벨 파랑","12mm","ea","","사무용품","OFF_PAPER","OFFICE","용지·라벨·인쇄물"
"ITEM-0370","칼라분류용라벨 검정","12mm","ea","","사무용품","OFF_PAPER","OFFICE","용지·라벨·인쇄물"
"ITEM-0371","칼라분류용라벨 빨강","12mm","ea","","사무용품","OFF_PAPER","OFFICE","용지·라벨·인쇄물"
"ITEM-0372","칼라분류용라벨 노랑","12mm","ea","","사무용품","OFF_PAPER","OFFICE","용지·라벨·인쇄물"
"ITEM-0373","색연필","12종","ea","","사무용품","OFF_STATIONERY","OFFICE","문구"
"ITEM-0374","포스트잇","102*152","ea","","사무용품","OFF_PAPER","OFFICE","용지·라벨·인쇄물"
"ITEM-0375","포스트잇","50*15","ea","","사무용품","OFF_PAPER","OFFICE","용지·라벨·인쇄물"
"ITEM-0376","경질봉투","A4","ea","","사무용품","FAC_STORAGE","GENERAL","수납"
"ITEM-0377","카드링","대","ea","","사무용품","OFF_FILE","OFFICE","파일"
"ITEM-0378","카드링","중","ea","","사무용품","OFF_FILE","OFFICE","파일"
"ITEM-0379","카드링","소","ea","","사무용품","OFF_FILE","OFFICE","파일"
"ITEM-0380","자석","","ea","","사무용품","OFF_STATIONERY","OFFICE","문구"
"ITEM-0381","압핀","","ea","","사무용품","OFF_STATIONERY","OFFICE","문구"
"ITEM-0382","주핀","","ea","","사무용품","OFF_STATIONERY","OFFICE","문구"
"ITEM-0383","날크맆","","ea","","사무용품","OFF_OTHER","OFFICE","fallback-사무용품"
"ITEM-0384","스테이플러심(제본용)","12mm","ea","","사무용품","OFF_STATIONERY","OFFICE","문구"
"ITEM-0385","스테이플러심(제본용)","6mm","ea","","사무용품","OFF_STATIONERY","OFFICE","문구"
"ITEM-0386","즉석카메라 필름","","ea","","사무용품","FAC_ELECTRONIC","GENERAL","전자·가전"
"ITEM-0387","제침기","","ea","","사무용품","OFF_STATIONERY","OFFICE","문구"
"ITEM-0388","썬스타","","ea","","사무용품","OFF_STATIONERY","OFFICE","문구"
"ITEM-0389","모나미 롤링펜","","ea","","사무용품","OFF_STATIONERY","OFFICE","문구"
"ITEM-0390","볼펜","파랑","ea","","사무용품","OFF_STATIONERY","OFFICE","문구"
"ITEM-0391","유성매직","빨강","ea","","사무용품","OFF_STATIONERY","OFFICE","문구"
"ITEM-0392","보드마카","파랑","ea","","사무용품","OFF_STATIONERY","OFFICE","문구"
"ITEM-0393","스카치테이프","","ea","","사무용품","OFF_STATIONERY","OFFICE","문구"
"ITEM-0394","재점착 라벨지","R3330-10","ea","","사무용품","OFF_PAPER","OFFICE","용지·라벨·인쇄물"
"ITEM-0395","상장용지","","ea","","사무용품","OFF_PAPER","OFFICE","용지·라벨·인쇄물"
"ITEM-0396","레이저용 광택 라벨","V8110-100","ea","","사무용품","OFF_PAPER","OFFICE","용지·라벨·인쇄물"
"ITEM-0397","정부문서화일 라벨","3629","ea","","사무용품","OFF_PAPER","OFFICE","용지·라벨·인쇄물"
"ITEM-0398","인덱스 라벨","V3540-100","ea","","사무용품","OFF_PAPER","OFFICE","용지·라벨·인쇄물"
"ITEM-0399","폼텍라벨","LS-3130","ea","","사무용품","OFF_PAPER","OFFICE","용지·라벨·인쇄물"
"ITEM-0400","프리미엄 잉크젯 전용지","A4","ea","","사무용품","OFF_PAPER","OFFICE","용지·라벨·인쇄물"
"ITEM-0401","클리어화일 분홍","20매","ea","","사무용품","OFF_FILE","OFFICE","파일"
"ITEM-0402","클리어화일 연두","20매","ea","","사무용품","OFF_FILE","OFFICE","파일"
"ITEM-0403","클리어화일 노랑","20매","ea","","사무용품","OFF_FILE","OFFICE","파일"
"ITEM-0404","클리어화일 파랑","20매","ea","","사무용품","OFF_FILE","OFFICE","파일"
"ITEM-0405","클리어화일 검정","20매","ea","","사무용품","OFF_FILE","OFFICE","파일"
"ITEM-0406","클리어화일 분홍","80매","ea","","사무용품","OFF_FILE","OFFICE","파일"
"ITEM-0407","클리어화일 연두","80매","ea","","사무용품","OFF_FILE","OFFICE","파일"
"ITEM-0408","클리어화일 노랑","80매","ea","","사무용품","OFF_FILE","OFFICE","파일"
"ITEM-0409","클리어화일 파랑","80매","ea","","사무용품","OFF_FILE","OFFICE","파일"
"ITEM-0410","클리어화일 검정","80매","ea","","사무용품","OFF_FILE","OFFICE","파일"
"ITEM-0411","클리어화일 분홍","100매","ea","","사무용품","OFF_FILE","OFFICE","파일"
"ITEM-0412","클리어화일 연두","100매","ea","","사무용품","OFF_FILE","OFFICE","파일"
"ITEM-0413","클리어화일 노랑","100매","ea","","사무용품","OFF_FILE","OFFICE","파일"
"ITEM-0414","클리어화일 파랑","100매","ea","","사무용품","OFF_FILE","OFFICE","파일"
"ITEM-0415","클리어화일 검정","100매","ea","","사무용품","OFF_FILE","OFFICE","파일"
"ITEM-0416","D링 바인더","","ea","","사무용품","OFF_FILE","OFFICE","파일"
"ITEM-0417","클리어화일 속지","","ea","","사무용품","OFF_FILE","OFFICE","파일"
"ITEM-0418","L자 파일","","ea","","사무용품","OFF_FILE","OFFICE","파일"
"ITEM-0419","스케치북","","ea","","사무용품","OFF_PAPER","OFFICE","용지·라벨·인쇄물"
"ITEM-0420","클리어화일 분홍","40매","ea","","사무용품","OFF_FILE","OFFICE","파일"
"ITEM-0421","클리어화일 연두","40매","ea","","사무용품","OFF_FILE","OFFICE","파일"
"ITEM-0422","클리어화일 노랑","40매","ea","","사무용품","OFF_FILE","OFFICE","파일"
"ITEM-0423","클리어화일 파랑","40매","ea","","사무용품","OFF_FILE","OFFICE","파일"
"ITEM-0424","클리어화일 검정","40매","ea","","사무용품","OFF_FILE","OFFICE","파일"
"ITEM-0425","라면","","ea","730","식음료","FOOD_SNACK","FOOD","간식"
"ITEM-0426","삼다수","330ml","ea","","식음료","FOOD_DRINK","FOOD","음료"
"ITEM-0427","삼다수","500ml","ea","","식음료","FOOD_DRINK","FOOD","음료"
"ITEM-0428","삼다수","1L","ea","","식음료","FOOD_DRINK","FOOD","음료"
"ITEM-0429","피지워터","500ml","ea","","식음료","FOOD_DRINK","FOOD","음료"
"ITEM-0430","기픈물 기본","500ml","ea","","식음료","FOOD_DRINK","FOOD","음료"
"ITEM-0431","기픈물 마그네슘","500ml","ea","","식음료","FOOD_DRINK","FOOD","음료"
"ITEM-0432","과일 병음료","180ml","ea","","식음료","FOOD_DRINK","FOOD","음료"
"ITEM-0433","포카리스웨트","900ml","ea","","식음료","FOOD_DRINK","FOOD","음료"
"ITEM-0434","대봉투","","ea","","인쇄물","FAC_STORAGE","GENERAL","수납"
"ITEM-0435","소봉투","","ea","","인쇄물","FAC_STORAGE","GENERAL","수납"
"ITEM-0436","축의금 소봉투","상임이사님","ea","","인쇄물","FAC_STORAGE","GENERAL","수납"
"ITEM-0437","축의금 소봉투","행정원장님","ea","","인쇄물","FAC_STORAGE","GENERAL","수납"
"ITEM-0438","조의금 소봉투","상임이사님","ea","","인쇄물","FAC_STORAGE","GENERAL","수납"
"ITEM-0439","조의금 소봉투","행정원장님","ea","","인쇄물","FAC_STORAGE","GENERAL","수납"
"ITEM-0440","무지 소봉투","","ea","","인쇄물","FAC_STORAGE","GENERAL","수납"
"ITEM-0441","약 처방전","","ea","","인쇄물","OFF_PAPER","OFFICE","용지·라벨·인쇄물"
"ITEM-0442","컨설트용지","","ea","","인쇄물","OFF_PAPER","OFFICE","용지·라벨·인쇄물"
"ITEM-0443","혈액수혈처방전","","ea","","인쇄물","OFF_PAPER","OFFICE","용지·라벨·인쇄물"
"ITEM-0444","약티켓","흰색","ea","","인쇄물","OFF_PAPER","OFFICE","용지·라벨·인쇄물"
"ITEM-0445","약티켓","빨강","ea","","인쇄물","OFF_PAPER","OFFICE","용지·라벨·인쇄물"
"ITEM-0446","약티켓","파랑","ea","","인쇄물","OFF_PAPER","OFFICE","용지·라벨·인쇄물"
"ITEM-0447","쇼핑백","소","ea","","인쇄물","FAC_STORAGE","GENERAL","수납"
"ITEM-0448","쇼핑백","중","ea","","인쇄물","FAC_STORAGE","GENERAL","수납"
"ITEM-0449","쇼핑백","대","ea","","인쇄물","FAC_STORAGE","GENERAL","수납"
"ITEM-0450","리플렛","","ea","","인쇄물","OFF_PAPER","OFFICE","용지·라벨·인쇄물"
"ITEM-0451","브로슈어","대","ea","","인쇄물","OFF_PAPER","OFFICE","용지·라벨·인쇄물"
"ITEM-0452","브로슈어","중","ea","","인쇄물","OFF_PAPER","OFFICE","용지·라벨·인쇄물"
"ITEM-0453","브로슈어","소","ea","","인쇄물","OFF_PAPER","OFFICE","용지·라벨·인쇄물"
"ITEM-0454","인계장","","ea","","인쇄물","OFF_PAPER","OFFICE","용지·라벨·인쇄물"
"ITEM-0455","사무용의자","목받침대","ea","","일반비품","OFF_EQUIP","OFFICE","사무기기"
"ITEM-0456","회의용 의자","","ea","","일반비품","OFF_EQUIP","OFFICE","사무기기"
"ITEM-0457","플라스틱 의자","등받이 x","ea","","일반비품","OFF_EQUIP","OFFICE","사무기기"
"ITEM-0458","플라스틱 의자","등받이","ea","","일반비품","OFF_EQUIP","OFFICE","사무기기"
"ITEM-0459","PVC카","소","ea","","일반비품","FAC_STORAGE","GENERAL","수납"
"ITEM-0460","PVC카","중","ea","","일반비품","FAC_STORAGE","GENERAL","수납"
"ITEM-0461","PVC카","대","ea","","일반비품","FAC_STORAGE","GENERAL","수납"
"ITEM-0462","PVC카","서랍형","ea","","일반비품","FAC_STORAGE","GENERAL","수납"
"ITEM-0463","하나로 리모컨","","ea","","일반비품","FAC_ELECTRONIC","GENERAL","전자·가전"
"ITEM-0464","호출벨","AT200","ea","","일반비품","EQUIP_FURNITURE","OFFICE","fallback-일반비품"
"ITEM-0465","호출벨","ST200","ea","","일반비품","EQUIP_FURNITURE","OFFICE","fallback-일반비품"
"ITEM-0466","호출벨 모니터","AM","ea","","일반비품","EQUIP_IT","OFFICE","모니터"
"ITEM-0467","첵싱 서랍장","","ea","","일반비품","FAC_STORAGE","GENERAL","수납"
"ITEM-0468","L카","","ea","","일반비품","EQUIP_FURNITURE","OFFICE","fallback-일반비품"
"ITEM-0469","금고","소","ea","","일반비품","FAC_STORAGE","GENERAL","수납"
"ITEM-0470","소독 드레싱카","","ea","","일반비품","FAC_CLEAN","GENERAL","청소·위생"
"ITEM-0471","휠체어","","EA","","일반비품","EQUIP_FURNITURE","OFFICE","fallback-일반비품"
"ITEM-0472","TV 24인치","코모도","ea","","가전제품","FAC_ELECTRONIC","GENERAL","전자·가전"
"ITEM-0473","TV 24인치","뷰싱크","ea","","가전제품","FAC_ELECTRONIC","GENERAL","전자·가전"
"ITEM-0474","TV 43인치","","ea","","가전제품","FAC_ELECTRONIC","GENERAL","전자·가전"
"ITEM-0475","냉장고 210L","마루나","ea","","가전제품","FAC_ELECTRONIC","GENERAL","전자·가전"
"ITEM-0476","냉장고 90L","LG","ea","","가전제품","FAC_ELECTRONIC","GENERAL","전자·가전"
"ITEM-0477","세탁기 12KG","클라쎼","ea","","가전제품","FAC_ELECTRONIC","GENERAL","전자·가전"
"ITEM-0478","세탁기 15KG","마루나","ea","","가전제품","FAC_ELECTRONIC","GENERAL","전자·가전"
"ITEM-0479","스텐바이 TV","LG","ea","","가전제품","FAC_ELECTRONIC","GENERAL","전자·가전"
"ITEM-0480","믹서기","","ea","","가전제품","FAC_ELECTRONIC","GENERAL","전자·가전"
"ITEM-0481","네스프레소 버츄오 플러스","GCB2","ea","","가전제품","FAC_ELECTRONIC","GENERAL","전자·가전"
"ITEM-0482","전자레인지","","ea","","가전제품","FAC_ELECTRONIC","GENERAL","전자·가전"
"ITEM-0483","드라이기","","ea","","가전제품","FAC_ELECTRONIC","GENERAL","전자·가전"
"ITEM-0484","이동식 산소메타","","ea","","의료기기","MED_AIRWAY","MEDICAL","호흡"
"ITEM-0485","벽붙착 산소메타","","ea","","의료기기","MED_AIRWAY","MEDICAL","호흡"
"ITEM-0486","셕션보틀","","ea","","의료기기","EQUIP_MEDICAL","MEDICAL","fallback-의료기기"
"ITEM-0487","자동혈압계","","ea","","의료기기","MED_MONITOR","MEDICAL","검사·모니터"
"ITEM-0488","메타혈압계","","ea","","의료기기","MED_MONITOR","MEDICAL","검사·모니터"
"ITEM-0489","체온계","","ea","","의료기기","MED_MONITOR","MEDICAL","검사·모니터"
"ITEM-0490","네블라이저","","ea","","의료기기","EQUIP_MEDICAL","MEDICAL","fallback-의료기기"
"ITEM-0491","산소포화도 측정기","휴대용","ea","","의료기기","MED_AIRWAY","MEDICAL","호흡"
"ITEM-0492","산소포화도 측정기","EKG","ea","","의료기기 부속품","MED_AIRWAY","MEDICAL","호흡"
"ITEM-0493","ECG 중간케이블","","ea","","의료기기 부속품","MED_MONITOR","MEDICAL","검사·모니터"
"ITEM-0494","ECG 케이블","","ea","","의료기기 부속품","MED_MONITOR","MEDICAL","검사·모니터"
"ITEM-0495","혈압계 커프","자동","ea","","의료기기 부속품","MED_MONITOR","MEDICAL","검사·모니터"
"ITEM-0496","혈압계 커프","메타","ea","","의료기기 부속품","MED_MONITOR","MEDICAL","검사·모니터"
"ITEM-0497","혈압계 커프","스텐드","ea","","의료기기 부속품","MED_MONITOR","MEDICAL","검사·모니터"
"ITEM-0498","혈압계 커프","EKG","ea","","의료기기 부속품","MED_MONITOR","MEDICAL","검사·모니터"
"ITEM-0499","본체","","ea","","PC","OFF_EQUIP","OFFICE","사무기기"
"ITEM-0500","모니터","24인치","ea","","PC","EQUIP_IT","OFFICE","모니터"
"ITEM-0501","모니터","27인치","ea","","PC","EQUIP_IT","OFFICE","모니터"
"ITEM-0502","마우스","유선","ea","","PC","OFF_EQUIP","OFFICE","사무기기"
"ITEM-0503","마우스","무선","ea","","PC","OFF_EQUIP","OFFICE","사무기기"
"ITEM-0504","키보드","유선","ea","","PC","OFF_EQUIP","OFFICE","사무기기"
"ITEM-0505","키보드","무선","ea","","PC","OFF_EQUIP","OFFICE","사무기기"