item_code	name	category
ITEM-0130	Poly glove	INFECT_GLOVE
ITEM-0259	일회용 비닐가운	INFECT_GOWN
ITEM-0258	일회용 앞치마	INFECT_GOWN
ITEM-0282	일회용 헤어캡	INFECT_GOWN
ITEM-0219	덴탈마스크 (파랑)	INFECT_MASK
ITEM-0220	덴탈마스크 (흰색)	INFECT_MASK
ITEM-0252	위생마스크	INFECT_MASK
ALCOHOL-01	알콜솜	MEDICAL_FIXED
ITEM-0506	Air Way #0	MED_AIRWAY
ITEM-0507	Air Way #1	MED_AIRWAY
ITEM-0508	Air Way #2	MED_AIRWAY
ITEM-0509	Air Way #3	MED_AIRWAY
ITEM-0510	Air Way #4	MED_AIRWAY
ITEM-0511	Air Way #5	MED_AIRWAY
H-073	Air Way (3#(96mm))	MED_AIRWAY
ITEM-0093	Air Way (3#(96mm))	MED_AIRWAY
H-075	Air Way (4호)	MED_AIRWAY
ITEM-0094	Air Way (4호)	MED_AIRWAY
H-076	Air Way (7호)	MED_AIRWAY
ITEM-0095	Air Way (7호)	MED_AIRWAY
ITEM-0104	BREATHING SET	MED_AIRWAY
H-146	BREATHING SET (ea)	MED_AIRWAY
ITEM-0136	ENDO TUBE (6)	MED_AIRWAY
H-098	ENDO TUBE (6.5)	MED_AIRWAY
ITEM-0137	ENDO TUBE (6.5)	MED_AIRWAY
H-100	ENDO TUBE (7)	MED_AIRWAY
ITEM-0138	ENDO TUBE (7)	MED_AIRWAY
H-099	ENDO TUBE (7.5)	MED_AIRWAY
ITEM-0139	ENDO TUBE (7.5)	MED_AIRWAY
H-097	ENDO TUBE (8)	MED_AIRWAY
ITEM-0140	ENDO TUBE (8)	MED_AIRWAY
H-134	LARYNGO SCOPY (대)	MED_AIRWAY
ITEM-0142	LARYNGO SCOPY (대)	MED_AIRWAY
H-143	M-VAC (2Way)	MED_AIRWAY
ITEM-0128	M-VAC (2Way)	MED_AIRWAY
H-080	Nasal Cannular (240cm(green))	MED_AIRWAY
ITEM-0099	Nasal Cannular (240cm(green))	MED_AIRWAY
H-132	Nasal Cannular (소아용)	MED_AIRWAY
ITEM-0100	Nasal Cannular (소아용)	MED_AIRWAY
H-082	Nebuilzer Kit (#8900(k4200008))	MED_AIRWAY
ITEM-0101	Nebuilzer Kit (#8900(k4200008))	MED_AIRWAY
ITEM-0102	Nebuilzer Mask	MED_AIRWAY
H-083	Nebuilzer Mask (EA)	MED_AIRWAY
ITEM-0103	O2 LINE	MED_AIRWAY
H-095	O2 LINE (EA)	MED_AIRWAY
H-058	O2 Mask (성인)	MED_AIRWAY
ITEM-0097	O2 Mask (성인)	MED_AIRWAY
H-131	O2 Mask (소아용)	MED_AIRWAY
ITEM-0098	O2 Mask (소아용)	MED_AIRWAY
H-133	STYLET	MED_AIRWAY
ITEM-0141	STYLET	MED_AIRWAY
H-119	Speechcannuia (10)	MED_AIRWAY
ITEM-0092	Speechcannuia (10)	MED_AIRWAY
ITEM-0091	Speechcannuia (9)	MED_AIRWAY
H-084	Speechcannuia (9size)	MED_AIRWAY
H-049	Suction Tip(일체형) (12Fr)	MED_AIRWAY
ITEM-0074	Suction Tip(일체형) (12Fr)	MED_AIRWAY
H-050	Suction Tip(일체형) (14Fr)	MED_AIRWAY
ITEM-0075	Suction Tip(일체형) (14Fr)	MED_AIRWAY
H-051	Suction Tip(일체형) (16Fr)	MED_AIRWAY
ITEM-0076	Suction Tip(일체형) (16Fr)	MED_AIRWAY
H-052	Suction Tip(일체형) (18Fr)	MED_AIRWAY
ITEM-0077	Suction Tip(일체형) (18Fr)	MED_AIRWAY
ITEM-0078	Suction line	MED_AIRWAY
H-053	Suction line (ea)	MED_AIRWAY
H-069	T-Tube (6)	MED_AIRWAY
H-070	T-Tube (6.5)	MED_AIRWAY
H-071	T-Tube (7)	MED_AIRWAY
H-072	T-Tube (7.5)	MED_AIRWAY
H-077	T-piece (ea)	MED_AIRWAY
H-136	T-tube (8)	MED_AIRWAY
H-144	TRACOE (REF320 7#)	MED_AIRWAY
ITEM-0129	TRACOE (REF320 7#)	MED_AIRWAY
L-076	덴탈마스크 (파랑)	MED_AIRWAY
L-077	덴탈마스크 (흰색)	MED_AIRWAY
X-002	벽붙착 산소메타	MED_AIRWAY
L-109	위생마스크	MED_AIRWAY
X-001	이동식 산소메타	MED_AIRWAY
H-090	Connector (I-Type)	MED_CATHETER
ITEM-0079	Connector (I-Type)	MED_CATHETER
H-091	Connector (Y-Type)	MED_CATHETER
ITEM-0080	Connector (Y-Type)	MED_CATHETER
H-126	I.V CATH (18G(45mm))	MED_CATHETER
ITEM-0057	I.V CATH (18G(45mm))	MED_CATHETER
H-046	Levin Tube (14Fr)	MED_CATHETER
ITEM-0071	Levin Tube (14Fr)	MED_CATHETER
H-047	Levin Tube (16Fr)	MED_CATHETER
ITEM-0072	Levin Tube (16Fr)	MED_CATHETER
H-048	Levin Tube (18Fr)	MED_CATHETER
ITEM-0073	Levin Tube (18Fr)	MED_CATHETER
H-042	Nelaton Cath (6Fr)	MED_CATHETER
ITEM-0067	Nelaton Cath (6Fr)	MED_CATHETER
H-043	Nelaton Cath (7Fr)	MED_CATHETER
ITEM-0068	Nelaton Cath (7Fr)	MED_CATHETER
H-044	Nelaton Cath (8Fr)	MED_CATHETER
ITEM-0069	Nelaton Cath (8Fr)	MED_CATHETER
H-045	Rectal Tube (28Fr)	MED_CATHETER
ITEM-0070	Rectal Tube (28Fr)	MED_CATHETER
H-034	S/Foley Cath (12Fr)	MED_CATHETER
ITEM-0059	S/Foley Cath (12Fr)	MED_CATHETER
H-035	S/Foley Cath (14Fr)	MED_CATHETER
ITEM-0060	S/Foley Cath (14Fr)	MED_CATHETER
H-036	S/Foley Cath (16Fr(3way))	MED_CATHETER
ITEM-0061	S/Foley Cath (16Fr(3way))	MED_CATHETER
H-037	S/Foley Cath (16Fr)	MED_CATHETER
ITEM-0062	S/Foley Cath (16Fr)	MED_CATHETER
H-038	S/Foley Cath (18Fr)	MED_CATHETER
ITEM-0063	S/Foley Cath (18Fr)	MED_CATHETER
H-039	S/Foley Cath (20Fr)	MED_CATHETER
ITEM-0064	S/Foley Cath (20Fr)	MED_CATHETER
H-040	S/Foley cath (22Fr)	MED_CATHETER
ITEM-0065	S/Foley cath (22Fr)	MED_CATHETER
H-041	S/Foley cath (24Fr)	MED_CATHETER
ITEM-0066	S/Foley cath (24Fr)	MED_CATHETER
H-140	SURECAN SAFETY (20G)	MED_CATHETER
ITEM-0127	SURECAN SAFETY (20G)	MED_CATHETER
ITEM-0086	T-Tube (6)	MED_CATHETER
ITEM-0087	T-Tube (6.5)	MED_CATHETER
ITEM-0088	T-Tube (7)	MED_CATHETER
ITEM-0089	T-Tube (7.5)	MED_CATHETER
ITEM-0096	T-piece	MED_CATHETER
ITEM-0090	T-tube (8)	MED_CATHETER
H-125	TWO-lumen cvc (7Fr)	MED_CATHETER
ITEM-0056	TWO-lumen cvc (7Fr)	MED_CATHETER
ITEM-0058	Urine Bag	MED_CATHETER
H-033	Urine Bag (EA)	MED_CATHETER
ITEM-0126	바일백	MED_CATHETER
H-139	바일백 (EA)	MED_CATHETER
ITEM-0033	장루 파우치 (401502)	MED_CATHETER
ITEM-0032	장루 판 (413182)	MED_CATHETER
ITEM-0105	3m indicator (1322-24mm)	MED_DISINFECT
ITEM-0116	SEP Steam Label (indicator)	MED_DISINFECT
ITEM-0107	Steam cemicl (indicator)	MED_DISINFECT
ITEM-0115	biological indicator (1262/100's)	MED_DISINFECT
ITEM-0120	과산화수소 (250ml)	MED_DISINFECT
ITEM-0119	뉴젠	MED_DISINFECT
ITEM-0232	롤 크라프트지	MED_DISINFECT
ITEM-0034	목설압자 (대/100pcs)	MED_DISINFECT
ITEM-0118	손소독제	MED_DISINFECT
ITEM-0106	수성 indicator (1322-24mm)	MED_DISINFECT
ITEM-0036	스킨코튼플러스 (400매)	MED_DISINFECT
ITEM-0122	아세톤 (100ml)	MED_DISINFECT
ITEM-0123	알코올 (1L)	MED_DISINFECT
ITEM-0037	알콜스왑(70%) (100매)	MED_DISINFECT
ITEM-0124	에탄올 (18L)	MED_DISINFECT
ITEM-0121	염화벤잘코늄 (1L)	MED_DISINFECT
ITEM-0286	유리알콜램프	MED_DISINFECT
ITEM-0287	유리알콜램프 뚜껑	MED_DISINFECT
ITEM-0288	유리알콜램프 심지꽂이	MED_DISINFECT
H-054	3M micropore (1*12's/1530-1)	MED_DRESSING
ITEM-0019	3M micropore (부직포)	MED_DRESSING
H-106	3M 테가덤 필름 (1626W)	MED_DRESSING
ITEM-0031	3M 테가덤 필름 (1626W)	MED_DRESSING
H-105	3M 테가덤 필름 (CHG 1660R)	MED_DRESSING
ITEM-0030	3M 테가덤 필름 (CHG 1660R)	MED_DRESSING
H-013	Biopore (1*12's)	MED_DRESSING
ITEM-0018	Biopore (부직포)	MED_DRESSING
ITEM-0017	Biopore (실리콘)	MED_DRESSING
H-006	Cotton Ball (1호/450g)	MED_DRESSING
ITEM-0010	Cotton Ball (1호/450g)	MED_DRESSING
H-007	Cotton Ball (2호/450g)	MED_DRESSING
ITEM-0011	Cotton Ball (2호/450g)	MED_DRESSING
H-008	Cotton Ball (3호/450g)	MED_DRESSING
ITEM-0012	Cotton Ball (3호/450g)	MED_DRESSING
H-009	Cotton Ball/필터볼 (2호/450g)	MED_DRESSING
ITEM-0013	Cotton Ball/필터볼 (2호/450g)	MED_DRESSING
H-010	Cotton Ball/필터볼 (3호/450g)	MED_DRESSING
ITEM-0014	Cotton Ball/필터볼 (3호/450g)	MED_DRESSING
H-135	Decopore (1*12)	MED_DRESSING
H-110	Durapore (1호)	MED_DRESSING
H-012	Fix roll Tape (10cm*10cm)	MED_DRESSING
ITEM-0016	Fix roll Tape (10cm*10cm)	MED_DRESSING
H-001	Guaze (2*2)	MED_DRESSING
ITEM-0005	Guaze (2*2)	MED_DRESSING
H-002	Guaze (3*3)	MED_DRESSING
ITEM-0006	Guaze (3*3)	MED_DRESSING
H-003	Guaze (4*3)	MED_DRESSING
ITEM-0007	Guaze (4*3)	MED_DRESSING
H-004	Guaze (4*4)	MED_DRESSING
ITEM-0008	Guaze (4*4)	MED_DRESSING
H-113	Plasta (cotton)	MED_DRESSING
H-011	Surgical Pad (18*18*20's)	MED_DRESSING
GAUZE-01	거즈 (10x10)	MED_DRESSING
BAND-01	반창고 대	MED_DRESSING
H-014	밴드에스 (1*45's)	MED_DRESSING
ITEM-0020	밴드에스 (1*45's)	MED_DRESSING
H-081	솜면봉 (1*10)	MED_DRESSING
ITEM-0035	솜면봉 (1*10)	MED_DRESSING
ITEM-0027	솜붕대 (3")	MED_DRESSING
H-104	솜붕대 (4")	MED_DRESSING
ITEM-0028	솜붕대 (4")	MED_DRESSING
H-103	솜붕대 (6")	MED_DRESSING
ITEM-0029	솜붕대 (6")	MED_DRESSING
ITEM-0024	스프린트 (3")	MED_DRESSING
H-142	스프린트 (3')	MED_DRESSING
H-101	스프린트 (4")	MED_DRESSING
ITEM-0025	스프린트 (4")	MED_DRESSING
H-102	스프린트 (6")	MED_DRESSING
ITEM-0026	스프린트 (6")	MED_DRESSING
H-015	탄력붕대(E/B) (3*12's)	MED_DRESSING
ITEM-0021	탄력붕대(E/B) (3*12's)	MED_DRESSING
H-016	탄력붕대(E/B) (4*12's)	MED_DRESSING
ITEM-0022	탄력붕대(E/B) (4*12's)	MED_DRESSING
H-017	탄력붕대(E/B) (6*12's)	MED_DRESSING
ITEM-0023	탄력붕대(E/B) (6*12's)	MED_DRESSING
H-005	탈지면 (4*3/450g)	MED_DRESSING
ITEM-0009	탈지면 (4*3/450g)	MED_DRESSING
ITEM-0110	동방침 (0.20*30mm)	MED_HANBANG
ITEM-0111	동방침 (0.25*30mm)	MED_HANBANG
ITEM-0109	동서미니뜸 (180's)	MED_HANBANG
ITEM-0238	목초액	MED_HANBANG
ITEM-0146	부항 (1호)	MED_HANBANG
ITEM-0147	부항 (3호)	MED_HANBANG
ITEM-0125	쑥봉지	MED_HANBANG
ITEM-0151	절사	MED_HANBANG
ITEM-0108	3-Way	MED_INJECTION
H-092	3-Way (ea)	MED_INJECTION
H-026	D/Needle (18G)	MED_INJECTION
ITEM-0046	D/Needle (18G)	MED_INJECTION
H-027	D/Needle (23G)	MED_INJECTION
ITEM-0047	D/Needle (23G)	MED_INJECTION
H-021	D/Syringe (10cc/23G)	MED_INJECTION
ITEM-0041	D/Syringe (10cc/23G)	MED_INJECTION
H-018	D/Syringe (1cc/26G)	MED_INJECTION
ITEM-0038	D/Syringe (1cc/26G)	MED_INJECTION
H-022	D/Syringe (20cc/23G)	MED_INJECTION
ITEM-0042	D/Syringe (20cc/23G)	MED_INJECTION
H-019	D/Syringe (3cc/23G)	MED_INJECTION
ITEM-0039	D/Syringe (3cc/23G)	MED_INJECTION
H-020	D/Syringe (5cc/23G)	MED_INJECTION
ITEM-0040	D/Syringe (5cc/23G)	MED_INJECTION
ITEM-0048	Dosi Flow(MLS-32)	MED_INJECTION
H-079	Dosi Flow(MLS-32) (EA)	MED_INJECTION
H-025	Enema Syringe (60cc)	MED_INJECTION
ITEM-0045	Enema Syringe (60cc)	MED_INJECTION
H-078	Heparine Cap (1*100)	MED_INJECTION
ITEM-0054	Heparine Cap (1*100)	MED_INJECTION
H-028	I.V Set(MLS-11) (110/무침)	MED_INJECTION
ITEM-0049	I.V Set(MLS-11) (110/무침)	MED_INJECTION
H-029	I.V Set(MLS-24) (122 Y-type)	MED_INJECTION
ITEM-0050	I.V Set(MLS-24) (122 Y-type)	MED_INJECTION
H-030	Medicut(한백) (18G)	MED_INJECTION
ITEM-0051	Medicut(한백) (18G)	MED_INJECTION
H-031	Medicut(한백) (22G)	MED_INJECTION
ITEM-0052	Medicut(한백) (22G)	MED_INJECTION
H-032	Medicut(한백) (24G)	MED_INJECTION
ITEM-0053	Medicut(한백) (24G)	MED_INJECTION
H-114	novo fine (32G)	MED_INJECTION
ITEM-0055	novo fine (32G)	MED_INJECTION
H-127	수혈세트-S	MED_INJECTION
SYRINGE-01	주사기 5ml	MED_INJECTION
H-024	채혈주사기 (10cc/21G)	MED_INJECTION
ITEM-0044	채혈주사기 (10cc/21G)	MED_INJECTION
H-023	채혈주사기 (5cc/23G)	MED_INJECTION
ITEM-0043	채혈주사기 (5cc/23G)	MED_INJECTION
ITEM-0134	투약병 (100㎖)	MED_INJECTION
ITEM-0132	투약병 (30㎖)	MED_INJECTION
ITEM-0133	투약병 (60㎖)	MED_INJECTION
H-138	AED 패드 (EA)	MED_MONITOR
H-064	E.K.G. Paper (ea)	MED_MONITOR
Y-002	ECG 중간케이블	MED_MONITOR
Y-003	ECG 케이블	MED_MONITOR
H-065	EKG Electrode (Skintact)	MED_MONITOR
X-005	메타혈압계	MED_MONITOR
Y-001	산소포화도 측정기 (EKG)	MED_MONITOR
X-008	산소포화도 측정기 (휴대용)	MED_MONITOR
X-004	자동혈압계	MED_MONITOR
H-108	청진기 (단면)	MED_MONITOR
X-006	체온계	MED_MONITOR
H-055	체온계 캡 (EA)	MED_MONITOR
Y-007	혈압계 커프 (EKG)	MED_MONITOR
Y-005	혈압계 커프 (메타)	MED_MONITOR
Y-006	혈압계 커프 (스텐드)	MED_MONITOR
Y-004	혈압계 커프 (자동)	MED_MONITOR
H-086	3m indicator (1322-24mm)	MED_OTHER
H-145	Focep (16cm)	MED_OTHER
H-124	NYLON (3-0)	MED_OTHER
H-122	SEP Steam Label (indicator)	MED_OTHER
H-130	Steam cemicl (indicator)	MED_OTHER
H-059	Surgical Jelly (120g)	MED_OTHER
H-118	biological indicator (1262/100's)	MED_OTHER
H-141	indicator(수성) (1322-24mm)	MED_OTHER
H-120	surgical blade (no.10)	MED_OTHER
H-121	surgical blade (no.11)	MED_OTHER
H-096	과산화수소 (250ml)	MED_OTHER
X-007	네블라이저	MED_OTHER
H-085	뉴젠 (ea)	MED_OTHER
H-067	동방침 (0.20*30mm)	MED_OTHER
H-068	동방침 (0.25*30mm)	MED_OTHER
H-066	동서미니뜸 (180's)	MED_OTHER
H-115	봉합사 (3)	MED_OTHER
H-116	봉합사 (4)	MED_OTHER
H-117	봉합사 (5)	MED_OTHER
H-150	부항 (1호)	MED_OTHER
H-151	부항 (3호)	MED_OTHER
H-128	붙이는 침	MED_OTHER
X-003	셕션보틀	MED_OTHER
H-109	시저 (EA)	MED_OTHER
H-137	쑥봉지 (EA)	MED_OTHER
H-057	아세톤 (100ml)	MED_OTHER
H-111	알코올 (1L)	MED_OTHER
H-107	알콜스왑(70%) (100매)	MED_OTHER
H-112	에탄올 (18L)	MED_OTHER
H-056	염화벤잘코늄 (1L)	MED_OTHER
L-147	유리알콜램프	MED_OTHER
L-148	유리알콜램프 뚜껑	MED_OTHER
L-149	유리알콜램프 심지꽂이	MED_OTHER
H-094	장루 파우치 (401502)	MED_OTHER
H-093	장루 판 (413182)	MED_OTHER
H-149	절사	MED_OTHER
H-123	토니켓 (4호)	MED_OTHER
H-089	투약병 (100㎖)	MED_OTHER
H-087	투약병 (30㎖)	MED_OTHER
H-088	투약병 (60㎖)	MED_OTHER
V-017	휠체어	MED_OTHER
ITEM-0150	Focep (16cm)	MED_SURGICAL
ITEM-0145	Iris Scissors	MED_SURGICAL
ITEM-0081	Surgical Glove (L)	MED_SURGICAL
ITEM-0082	Surgical Glove (M)	MED_SURGICAL
ITEM-0083	Surgical Glove (S)	MED_SURGICAL
ITEM-0117	Surgical Jelly (120g)	MED_SURGICAL
ITEM-0015	Surgical Pad (18*18*20's)	MED_SURGICAL
ITEM-0148	surgical blade (no.10)	MED_SURGICAL
ITEM-0149	surgical blade (no.11)	MED_SURGICAL
ITEM-0112	봉합사(NYLON) (3)	MED_SURGICAL
ITEM-0113	봉합사(NYLON) (4)	MED_SURGICAL
ITEM-0114	봉합사(NYLON) (5)	MED_SURGICAL
ITEM-0135	토니켓 (4호)	MED_SURGICAL
