id,item_code,name,old_category,stats_bucket,new_category,matched_rule
"bcfced6f-5591-475b-9594-c563b2d11a73","L-073","3M수세미","GENERAL_MGMT","GENERAL","FAC_CLEAN","청소·위생"
"d65d3040-29ed-4a76-bde2-234ea98c2441","V-014","L카","GENERAL_MGMT","GENERAL","FAC_OTHER","legacy-GENERAL_MGMT"
"d54fcd1c-cec6-458d-b28c-bd8d0feb0a25","V-007","PVC카 (대)","GENERAL_MGMT","GENERAL","FAC_STORAGE","수납·저장"
"5111ae0d-1c7b-44bf-9a28-a2d02a8cd814","V-008","PVC카 (서랍형)","GENERAL_MGMT","GENERAL","FAC_STORAGE","수납·저장"
"b59d2cbc-7beb-4a72-b981-aa85ec9db48a","V-005","PVC카 (소)","GENERAL_MGMT","GENERAL","FAC_STORAGE","수납·저장"
"f25974f1-7989-4dcb-ac7a-f6f84d2b66e8","V-006","PVC카 (중)","GENERAL_MGMT","GENERAL","FAC_STORAGE","수납·저장"
"1489929e-4ccb-4012-bf8c-c9868b5c670f","L-160","SD카드 (256GB)","GENERAL_MGMT","GENERAL","FAC_ELECTRONIC","전자·가전"
"b517cb6b-5a2e-4759-950f-cf70e1fd9de2","W-002","TV 24인치 (뷰싱크)","GENERAL_MGMT","GENERAL","FAC_ELECTRONIC","전자·가전"
"555bd4f6-4d80-4100-8e0f-d2acd7d0b419","W-001","TV 24인치 (코모도)","GENERAL_MGMT","GENERAL","FAC_ELECTRONIC","전자·가전"
"af849c8c-d810-446d-9a65-3fca154e4b2b","W-003","TV 43인치","GENERAL_MGMT","GENERAL","FAC_ELECTRONIC","전자·가전"
"2e4fc0de-6370-4cdb-8a22-3c0420c1d4a0","L-130","opp봉투 (13*18)","GENERAL_MGMT","GENERAL","FAC_STORAGE","수납·저장"
"855dba75-ef18-46a6-a3fd-4026d1d83cd2","L-129","opp봉투 (18*25)","GENERAL_MGMT","GENERAL","FAC_STORAGE","수납·저장"
"ce659f01-7b62-4acb-8b4a-0333d70e3094","L-037","갈대빗자루","GENERAL_MGMT","GENERAL","FAC_CLEAN","청소·위생"
"e3dd5ef1-4036-438d-901c-c7635f1945eb","L-042","건전지 (AA)","GENERAL_MGMT","GENERAL","FAC_ELECTRONIC","전자·가전"
"99abc404-0855-4363-9ccf-af6ca019ce29","L-043","건전지 (AAA)","GENERAL_MGMT","GENERAL","FAC_ELECTRONIC","전자·가전"
"ec735041-86e2-477f-8ccf-c4b3cf6b0458","L-110","건전지 (CR2032)","GENERAL_MGMT","GENERAL","FAC_ELECTRONIC","전자·가전"
"f78f522d-7c5a-4ebf-a9cc-57c3719c59b4","L-111","건전지 (LR41)","GENERAL_MGMT","GENERAL","FAC_ELECTRONIC","전자·가전"
"d4dbef1f-73e4-4a89-be06-95af3ca30678","L-112","건전지 (LR44)","GENERAL_MGMT","GENERAL","FAC_ELECTRONIC","전자·가전"
"ffb69115-b156-44dd-9f3e-f90c483f6ca2","L-113","건전지 (R20 D)","GENERAL_MGMT","GENERAL","FAC_ELECTRONIC","전자·가전"
"56387f74-dceb-4990-b291-34f97327240e","L-056","고무줄","GENERAL_MGMT","GENERAL","FAC_OTHER","총무 기타"
"a06032e6-18ed-423e-a988-bc8cb44f43f2","L-034","극세사 손걸레","GENERAL_MGMT","GENERAL","FAC_CLEAN","청소·위생"
"576da320-2635-42d7-828c-a45ed8a49b79","L-102","극세사걸레","GENERAL_MGMT","GENERAL","FAC_CLEAN","청소·위생"
"30d8cb55-94b8-4651-ab93-ce9117cc1965","L-103","극세사밀걸레 (90cm)","GENERAL_MGMT","GENERAL","FAC_CLEAN","청소·위생"
"19ccff3f-ce80-435f-b5b8-087a704dd311","V-015","금고 (소)","GENERAL_MGMT","GENERAL","FAC_STORAGE","수납·저장"
"d92010d6-dab5-4736-930b-1221d9a49031","W-004","냉장고 210L (마루나)","GENERAL_MGMT","GENERAL","FAC_ELECTRONIC","전자·가전"
"29be3d25-2a10-4303-8121-03527f700802","W-005","냉장고 90L (LG)","GENERAL_MGMT","GENERAL","FAC_ELECTRONIC","전자·가전"
"06bdadfe-a951-4da8-bc77-68647e7c68e2","W-010","네스프레소 버츄오 플러스 (GCB2)","GENERAL_MGMT","GENERAL","FAC_ELECTRONIC","전자·가전"
"4108194c-8b8a-4170-bc69-dad8bc8ebc29","L-091","다달트 밀걸레 (ea)","GENERAL_MGMT","GENERAL","FAC_CLEAN","청소·위생"
"2fb4269d-10cf-4cd8-93b1-be3d8447caf0","L-092","다달트 밀걸레대 (ea)","GENERAL_MGMT","GENERAL","FAC_CLEAN","청소·위생"
"3fa2a88f-1028-4793-9fb0-b6470076e2c2","L-104","다목적세정제","GENERAL_MGMT","GENERAL","FAC_CLEAN","청소·위생"
"7e6baa0b-76d0-4b52-adfb-d503ccc97435","L-139","단말기 롤링","GENERAL_MGMT","GENERAL","FAC_ELECTRONIC","전자·가전"
"70b84e61-e192-4583-b80b-45ead53b1136","L-088","독일행주 (ea)","GENERAL_MGMT","GENERAL","FAC_CLEAN","청소·위생"
"e6cf7919-d215-4229-a1e8-db07038cff54","W-012","드라이기","GENERAL_MGMT","GENERAL","FAC_ELECTRONIC","전자·가전"
"297fbe4b-5a89-4add-bdcf-6d98608c55ef","L-045","락스","GENERAL_MGMT","GENERAL","FAC_CLEAN","청소·위생"
"48f606c2-84b8-4fa9-b621-51e8ff43c161","L-097","락스500ml","GENERAL_MGMT","GENERAL","FAC_CLEAN","청소·위생"
"3ea4a700-514d-450d-b1ce-22f3628f2709","L-089","롤 크라프트지 (ea)","GENERAL_MGMT","GENERAL","FAC_OTHER","legacy-GENERAL_MGMT"
"d1dd522b-2af0-4f8e-baf1-42ed01c0cc17","L-159","마우스 장패드","GENERAL_MGMT","GENERAL","OFF_EQUIP","사무기기·가구"
"57d08507-c881-4a09-9f37-a451d3a1246a","L-158","마우스 패드","GENERAL_MGMT","GENERAL","OFF_EQUIP","사무기기·가구"
"7a1b9029-193a-4322-ba4c-9cd7773da630","L-101","먼지떨이","GENERAL_MGMT","GENERAL","FAC_CLEAN","청소·위생"
"62c5ebc1-fe3e-42b6-ba50-3bfe0788d1dc","L-047","물병솔","GENERAL_MGMT","GENERAL","FAC_CLEAN","청소·위생"
"e0b729a5-dd83-4ff5-b368-16308a754ca7","W-009","믹서기","GENERAL_MGMT","GENERAL","FAC_ELECTRONIC","전자·가전"
"a1277da5-0e4d-4d5d-a2ab-a3620c7728da","L-038","밀걸레","GENERAL_MGMT","GENERAL","FAC_CLEAN","청소·위생"
"fcfc2661-1cd8-4461-8e33-c42ef2bba8bb","L-039","밀걸레","GENERAL_MGMT","GENERAL","FAC_CLEAN","청소·위생"
"398842b5-104c-4c4e-a37a-f0addcc2eddd","L-168","바구니 (25*16*10)","GENERAL_MGMT","GENERAL","FAC_STORAGE","수납·저장"
"711362d8-ef3e-4407-a240-5f429a0c3d20","L-162","베이킹소다 세정제","GENERAL_MGMT","GENERAL","FAC_CLEAN","청소·위생"
"3a75f6f4-b51f-4151-8f1c-ea5f3ec80a8e","L-145","벽걸이 선풍기 보관커버 (히터겸용)","GENERAL_MGMT","GENERAL","FAC_ELECTRONIC","전자·가전"
"75ae08b6-f4d8-4156-9fd3-1fb1c42b489b","L-046","변기솔","GENERAL_MGMT","GENERAL","FAC_CLEAN","청소·위생"
"3338e4bb-0361-4c23-ad08-02b677c36d85","L-108","본드","GENERAL_MGMT","GENERAL","OFF_STATIONERY","필기·문구"
"6f60d361-ee67-4478-a185-8cedceffbb2e","L-022","분무기","GENERAL_MGMT","GENERAL","FAC_CLEAN","청소·위생"
"dc7bb942-7036-402b-ae84-c67325d1aa11","L-156","빨래집게","GENERAL_MGMT","GENERAL","FAC_CLEAN","청소·위생"
"87ca6c49-f5ae-47a3-a166-56bfb80d77e5","L-074","빨아쓰는 행주타월","GENERAL_MGMT","GENERAL","PAT_BATH","세면·목욕"
"dd0222b7-7bd2-4867-ab6c-ea4d804baab1","V-001","사무용의자 (목받침대)","GENERAL_MGMT","GENERAL","OFF_STATIONERY","필기·문구"
"7e4ed6c6-9994-4dbd-aefb-a4cb3543cf76","L-032","섬유유연제","GENERAL_MGMT","GENERAL","FAC_CLEAN","청소·위생"
"2c99a52b-4d77-4cf9-93eb-50a3edb401a5","W-006","세탁기 12KG (클라쎼)","GENERAL_MGMT","GENERAL","FAC_ELECTRONIC","전자·가전"
"c4b122f8-62ab-462c-8c45-3983223b2f47","W-007","세탁기 15KG (마루나)","GENERAL_MGMT","GENERAL","FAC_ELECTRONIC","전자·가전"
"0b18c7a8-10f7-468e-ac1b-6daf79405a45","L-146","세탁망","GENERAL_MGMT","GENERAL","FAC_CLEAN","청소·위생"
"6c86304f-6a2d-47fa-b251-16c499106cdd","L-033","세탁세제","GENERAL_MGMT","GENERAL","FAC_CLEAN","청소·위생"
"49e04259-2d39-4755-9e21-1dcd1a2d22ea","L-106","소변기/하수구세정제","GENERAL_MGMT","GENERAL","FAC_CLEAN","청소·위생"
"f7d07ffb-10a7-4532-a1c1-3d4637da67b6","L-169","쇼파 세정제","GENERAL_MGMT","GENERAL","FAC_CLEAN","청소·위생"
"b186f41b-60f3-48fd-abfc-51ee5a364eb5","L-012","수세미","GENERAL_MGMT","GENERAL","FAC_CLEAN","청소·위생"
"1756e5f4-9098-4747-b165-e3e231655ec3","L-163","스퀴지","GENERAL_MGMT","GENERAL","FAC_CLEAN","청소·위생"
"7461fbbc-39d1-4e7c-aec4-889d979388af","W-008","스텐바이 TV (LG)","GENERAL_MGMT","GENERAL","FAC_ELECTRONIC","전자·가전"
"0c8b500f-2374-4f8e-bbf0-743334d3e178","L-170","스펀지 수세미","GENERAL_MGMT","GENERAL","FAC_CLEAN","청소·위생"
"c1decebd-e042-442c-a5f5-1d9430081f8a","L-132","습기제거제","GENERAL_MGMT","GENERAL","FAC_CLEAN","청소·위생"
"61565a50-be87-406d-978c-4d3368ca5a67","L-036","식가위","GENERAL_MGMT","GENERAL","OFF_STATIONERY","필기·문구"
"a5583eec-689a-48bd-97a6-cb049cf48aae","L-020","쓰레기봉투 (파랑)","GENERAL_MGMT","GENERAL","FAC_STORAGE","수납·저장"
"c6d99bdb-feca-4678-a1ff-fa3d76adf24d","L-021","쓰레기봉투 (흑색)","GENERAL_MGMT","GENERAL","FAC_STORAGE","수납·저장"
"870e8037-319f-4bfe-983f-47a90f00e787","L-059","쓰레받이","GENERAL_MGMT","GENERAL","FAC_CLEAN","청소·위생"
"0ca183c0-aee5-4d8d-ab95-e2de75b14c34","L-093","아이스크림 스푼 (ea)","GENERAL_MGMT","GENERAL","FAC_OTHER","총무 기타"
"8a9906ff-833b-4092-948b-91384902a413","L-096","워셔액","GENERAL_MGMT","GENERAL","FAC_CLEAN","청소·위생"
"12aacc92-c23c-46e6-aeb3-60e548ead73d","L-105","유리세정제","GENERAL_MGMT","GENERAL","FAC_CLEAN","청소·위생"
"a6d979dd-16ed-4e3f-9f57-648d8184d73c","L-147","유리알콜램프","GENERAL_MGMT","GENERAL","MED_OTHER","수술·기타 의료"
"3303a902-6212-4774-b756-b16aa4335120","L-148","유리알콜램프 뚜껑","GENERAL_MGMT","GENERAL","MED_OTHER","수술·기타 의료"
"4fe48341-c12a-408a-a5a3-ceaf1e93187b","L-149","유리알콜램프 심지꽂이","GENERAL_MGMT","GENERAL","MED_OTHER","수술·기타 의료"
"26a8008c-b2d0-4822-af82-e257e285bd47","L-025","일반화장지","GENERAL_MGMT","GENERAL","FAC_CLEAN","청소·위생"
"27f575f3-ebfa-4ca6-8efe-ce37c99d19ee","L-154","일회용 수세미","GENERAL_MGMT","GENERAL","FAC_CLEAN","청소·위생"
"afa49586-95b3-4083-8ea7-2a8ea120beab","L-140","일회용 숟가락","GENERAL_MGMT","GENERAL","FAC_OTHER","총무 기타"
"b636ce7f-f10c-4d21-9e2b-09441794f7bd","L-144","일회용 식탁보","GENERAL_MGMT","GENERAL","FAC_OTHER","총무 기타"
"ed3db838-aaae-430c-be96-408d51842169","L-142","일회용 우산비닐","GENERAL_MGMT","GENERAL","FAC_OTHER","총무 기타"
"19a78e4b-78ab-4b11-abea-408c02decd23","L-153","일회용 접시","GENERAL_MGMT","GENERAL","FAC_OTHER","총무 기타"
"12f305ff-f25c-46f1-a79d-cbe97f8ad256","L-141","일회용 젖가락","GENERAL_MGMT","GENERAL","FAC_OTHER","legacy-GENERAL_MGMT"
"f763d0e3-9630-4a0c-8ef9-142f545c87cf","L-136","자석비누 홀더","GENERAL_MGMT","GENERAL","PAT_BATH","세면·목욕"
"e679dee3-e35c-45fc-a157-3ba0d7775603","W-011","전자레인지","GENERAL_MGMT","GENERAL","FAC_ELECTRONIC","전자·가전"
"78d1f104-ae7b-4757-9dc9-bd200491f448","L-024","점보롤","GENERAL_MGMT","GENERAL","FAC_CLEAN","청소·위생"
"cb400802-4744-40c7-a27c-da6693fd1336","L-161","점화기 (265mm)","GENERAL_MGMT","GENERAL","FAC_OTHER","legacy-GENERAL_MGMT"
"0c4e6a47-7ea6-4374-aa2d-e97ca95ad84c","L-167","점화기 (소)","GENERAL_MGMT","GENERAL","FAC_OTHER","legacy-GENERAL_MGMT"
"dcef6fc8-d740-4abf-b08f-440fa132dcdc","L-117","정수기 물컵","GENERAL_MGMT","GENERAL","FAC_ELECTRONIC","전자·가전"
"2f90df1a-7527-467a-b6d5-5b53543a6fe6","L-019","종이컵","GENERAL_MGMT","GENERAL","FAC_OTHER","legacy-GENERAL_MGMT"
"e93cb438-a166-4e71-a9de-b0a00a7779ef","L-087","종이컵 (20온스)","GENERAL_MGMT","GENERAL","FAC_OTHER","legacy-GENERAL_MGMT"
"9f855e66-b2eb-4fdb-8089-ba1b778fa76d","L-086","종이컵 (8온스)","GENERAL_MGMT","GENERAL","FAC_OTHER","legacy-GENERAL_MGMT"
"092b168e-0604-4090-b139-dd6487e299f4","L-152","주걱","GENERAL_MGMT","GENERAL","FAC_OTHER","legacy-GENERAL_MGMT"
"6d0ce9c8-992b-48ed-a0ed-9fcb02c00a6a","L-002","지퍼백","GENERAL_MGMT","GENERAL","FAC_OTHER","legacy-GENERAL_MGMT"
"b507762e-ccea-4462-b1db-2e28b87df62e","L-099","천앞치마","GENERAL_MGMT","GENERAL","STAFF_OTHER","기타 보호구"
"cbfa8332-c5b0-4c4c-ac02-39ae470d7dc9","L-013","철수세미","GENERAL_MGMT","GENERAL","FAC_CLEAN","청소·위생"
"b1d3ab6c-5d76-478f-96e7-1d98857f4b5d","V-013","첵싱 서랍장","GENERAL_MGMT","GENERAL","FAC_STORAGE","수납·저장"
"d50f9bf5-d9c4-4c0c-befe-c7ddf0a05555","L-090","칼갈이 (ea)","GENERAL_MGMT","GENERAL","FAC_OTHER","legacy-GENERAL_MGMT"
"62f29a37-aedb-4638-95a3-e4e525bf6066","L-001","크린백","GENERAL_MGMT","GENERAL","FAC_OTHER","legacy-GENERAL_MGMT"
"1e037fdb-d023-4fd6-b1ea-db68ce0f8f09","L-029","키친타올","GENERAL_MGMT","GENERAL","FAC_OTHER","legacy-GENERAL_MGMT"
"1d44fdc7-30b1-478a-b1d1-8022f57ba9aa","L-157","테이블커버","GENERAL_MGMT","GENERAL","FAC_OTHER","legacy-GENERAL_MGMT"
"f9cd92dc-8267-4d9c-a71f-55a29ee8260d","L-131","투명 플라스틱 미니 수납케이스","GENERAL_MGMT","GENERAL","FAC_OTHER","legacy-GENERAL_MGMT"
"b115263b-d432-40d6-8365-92e3b50a65e3","L-044","퐁퐁","GENERAL_MGMT","GENERAL","FAC_OTHER","legacy-GENERAL_MGMT"
"33a8d85e-0eb8-4d0c-a232-b7e66aac8d71","V-003","플라스틱 의자 (등받이 x)","GENERAL_MGMT","GENERAL","OFF_STATIONERY","필기·문구"
"cd68369b-ef24-4786-acf1-ece2a0739705","V-004","플라스틱 의자 (등받이)","GENERAL_MGMT","GENERAL","OFF_STATIONERY","필기·문구"
"165db18c-a2c8-480f-aa2e-3abede298186","V-009","하나로 리모컨","GENERAL_MGMT","GENERAL","FAC_ELECTRONIC","전자·가전"
"bd689cdf-a058-4a7c-8b70-d047da5ccfaf","L-165","핸드워시 리필 (거품형)","GENERAL_MGMT","GENERAL","FAC_OTHER","legacy-GENERAL_MGMT"
"2710992b-fb4c-4309-a890-96de01941635","L-166","핸드워시 리필 (액체형)","GENERAL_MGMT","GENERAL","FAC_OTHER","legacy-GENERAL_MGMT"
"16498fcb-6c8c-4c53-9b56-d5a921545eec","L-048","핸드타올","GENERAL_MGMT","GENERAL","FAC_CLEAN","청소·위생"
"7f247519-dc80-4065-ad16-49865b1621d8","L-005","행주","GENERAL_MGMT","GENERAL","FAC_CLEAN","청소·위생"
"34516077-df0f-4238-b2cd-4c28726a7d90","V-010","호출벨 (AT200)","GENERAL_MGMT","GENERAL","FAC_OTHER","legacy-GENERAL_MGMT"
"83654b44-3800-4698-b4b6-8368a0ce53d5","V-011","호출벨 (ST200)","GENERAL_MGMT","GENERAL","FAC_OTHER","legacy-GENERAL_MGMT"
"eb44e079-544e-49e4-b4c9-669f7a1c16d0","V-012","호출벨 모니터 (AM)","GENERAL_MGMT","GENERAL","FAC_ELECTRONIC","전자·가전"
"51e9bff9-9d41-4aa2-9363-3276666e2325","L-138","홈메트 리쿼드","GENERAL_MGMT","GENERAL","FAC_OTHER","legacy-GENERAL_MGMT"
"7d8c91f6-d23a-4002-b2ec-d32995ada91f","L-023","홈키파 에어졸","GENERAL_MGMT","GENERAL","FAC_OTHER","legacy-GENERAL_MGMT"
"55a7ae82-147f-4679-b82c-8fcad0806394","V-002","회의용 의자","GENERAL_MGMT","GENERAL","OFF_EQUIP","사무기기·가구"
"8132a581-a5c6-40ea-8833-f37d649c01b6","L-058","가글","GENERAL_PATIENT","GENERAL","PAT_BATH","세면·목욕"
"fc6b2cae-e215-4b65-9a33-b38360b1a868","L-107","각티슈","GENERAL_PATIENT","GENERAL","PAT_OTHER","기타 환자용품"
"285ff0e4-59a5-4e19-8f4a-304510b8492e","L-010","거품타월","GENERAL_PATIENT","GENERAL","PAT_BATH","세면·목욕"
"1e9a8912-18a1-4cb5-9a24-925534e5d6de","G-002","겉기저귀 (대)","GENERAL_PATIENT","DIAPER_CARE","PAT_DIAPER","stats_bucket=DIAPER_CARE"
"2e72342b-c765-443f-82c3-3fc094de84bd","G-003","겉기저귀 (특대)","GENERAL_PATIENT","DIAPER_CARE","PAT_DIAPER","stats_bucket=DIAPER_CARE"
"3783d104-8273-4d28-bd8b-11132c87a377","L-151","기저귀 속지","GENERAL_PATIENT","GENERAL","PAT_DIAPER","기저귀"
"09c1ce0c-cb7f-4c61-a839-4c142da6e32e","L-050","냅킨","GENERAL_PATIENT","GENERAL","PAT_OTHER","기타 환자용품"
"f0b32adf-fc5f-4acf-9b23-92e07b5dbd37","L-054","목욕앞치마 (곤색)","GENERAL_PATIENT","GENERAL","PAT_BATH","세면·목욕"
"03cc1a94-0b9f-4657-b1e2-a5cf38ccafdd","L-055","목욕앞치마 (적색)","GENERAL_PATIENT","GENERAL","PAT_BATH","세면·목욕"
"3c5eecfe-e12c-4b38-97a2-2940d934a836","L-095","목초액","GENERAL_PATIENT","GENERAL","PAT_OTHER","기타 환자용품"
"92d19189-0143-439e-88ed-c7f887539a6e","L-094","물티슈 (ea)","GENERAL_PATIENT","GENERAL","PAT_BATH","세면·목욕"
"fc93db5a-8882-47c2-af3d-ff1202be2ced","L-031","바디로션","GENERAL_PATIENT","GENERAL","PAT_BATH","세면·목욕"
"5b8b2703-88bf-4beb-befa-cf601cbb69d5","L-030","바디클렌져","GENERAL_PATIENT","GENERAL","PAT_BATH","세면·목욕"
"565db871-100f-4d5a-8f9f-9c87b9a5c7c3","L-137","발톱 니퍼","GENERAL_PATIENT","GENERAL","PAT_BATH","세면·목욕"
"9ff80fbf-befc-4824-81ce-a36d9fd90108","L-100","방석","GENERAL_PATIENT","GENERAL","PAT_OTHER","기타 환자용품"
"94261dee-634b-44e5-8f15-1a2ea5ad7cb0","L-009","빨래비누","GENERAL_PATIENT","GENERAL","PAT_BATH","세면·목욕"
"5e604a44-49fe-464a-9fa0-5a7419881b3c","L-006","샴푸","GENERAL_PATIENT","GENERAL","PAT_BATH","세면·목욕"
"a8c8a728-f52b-4152-a938-76fc72c9deb5","DIAPER-01","성인용 기저귀 L","GENERAL_PATIENT","DIAPER_CARE","PAT_DIAPER","stats_bucket=DIAPER_CARE"
"dac6dfa4-6e60-4818-9813-a32a759547d7","L-008","세수비누","GENERAL_PATIENT","GENERAL","PAT_BATH","세면·목욕"
"f57e2850-e9cf-49f4-b7ba-22ae52faba49","G-001","속기저귀","GENERAL_PATIENT","DIAPER_CARE","PAT_DIAPER","stats_bucket=DIAPER_CARE"
"dbc841bc-4281-441e-86f6-8642de449b6f","L-057","손톱깍기 (대형)","GENERAL_PATIENT","GENERAL","PAT_BATH","세면·목욕"
"f11afba6-9228-4cbc-8ef6-8c2cb5bdf842","L-003","수건","GENERAL_PATIENT","GENERAL","PAT_BATH","세면·목욕"
"f0cc434d-e08b-4c26-86e3-07866ffd7d05","L-118","슬리퍼 (230)","GENERAL_PATIENT","GENERAL","PAT_OTHER","기타 환자용품"
"03136a32-e61e-4fad-93b4-042bd6dee824","L-119","슬리퍼 (235)","GENERAL_PATIENT","GENERAL","PAT_OTHER","기타 환자용품"
"6732ec5a-4530-4267-bd01-3be90f2a0684","L-120","슬리퍼 (240)","GENERAL_PATIENT","GENERAL","PAT_OTHER","기타 환자용품"
"098c5b89-f181-454a-8564-49c2954f5a6f","L-121","슬리퍼 (245)","GENERAL_PATIENT","GENERAL","PAT_OTHER","기타 환자용품"
"d8884ee4-52b3-45cc-9a36-02c25cd56526","L-122","슬리퍼 (250)","GENERAL_PATIENT","GENERAL","PAT_OTHER","기타 환자용품"
"5abf3913-52c3-402d-8af1-17fbc89fc622","L-123","슬리퍼 (255)","GENERAL_PATIENT","GENERAL","PAT_OTHER","기타 환자용품"
"d264274a-72e4-465b-9fd5-da18cbbfe3ea","L-124","슬리퍼 (260)","GENERAL_PATIENT","GENERAL","PAT_OTHER","기타 환자용품"
"a7604810-8c86-447e-a357-e63f2c42b3dc","L-125","슬리퍼 (265)","GENERAL_PATIENT","GENERAL","PAT_OTHER","기타 환자용품"
"2735c167-ba00-4a83-abc1-ea2657a9ca38","L-126","슬리퍼 (270)","GENERAL_PATIENT","GENERAL","PAT_OTHER","기타 환자용품"
"25d3a166-64b5-4bc0-9bcd-819f3a046fb1","L-127","슬리퍼 (280)","GENERAL_PATIENT","GENERAL","PAT_OTHER","기타 환자용품"
"97569449-7b0c-4926-bd93-5ecd8fc19487","L-035","식이앞치마","GENERAL_PATIENT","GENERAL","STAFF_OTHER","기타 보호구"
"88565b1d-3df7-4c63-ab7e-9d007d190d3e","L-004","안면수건","GENERAL_PATIENT","GENERAL","PAT_BATH","세면·목욕"
"f1abf186-2b8f-40cd-95ca-38a348017b3e","L-150","억제대","GENERAL_PATIENT","GENERAL","PAT_OTHER","기타 환자용품"
"2d7d6819-28c4-4d4b-b849-1f4e0f24ee34","L-155","이쑤시개","GENERAL_PATIENT","GENERAL","PAT_OTHER","기타 환자용품"
"40fb7f42-cb5c-4c7a-b24a-de253d4c32fb","G-004","이지메트","GENERAL_PATIENT","DIAPER_CARE","PAT_DIAPER","stats_bucket=DIAPER_CARE"
"f2098fd6-038f-4540-bd6a-89c6a1065b92","L-011","일회용면도기","GENERAL_PATIENT","GENERAL","PAT_BATH","세면·목욕"
"539b041b-a2c8-418d-ab76-f784472bc91e","L-007","치약","GENERAL_PATIENT","GENERAL","PAT_BATH","세면·목욕"
"16addd2c-1183-498b-ac2e-acd392d9fea9","L-114","침대명찰","GENERAL_PATIENT","GENERAL","PAT_OTHER","기타 환자용품"
"319f51bd-5ba0-4b43-a58f-239ef13a551d","L-098","칫솔","GENERAL_PATIENT","GENERAL","PAT_BATH","세면·목욕"
"56e643b2-66bd-4ecc-8ef0-f39ffd8c9ff4","L-128","칫솔/치약세트","GENERAL_PATIENT","GENERAL","PAT_BATH","세면·목욕"
"0f8f56cb-45ed-420c-bc56-474816441e2a","L-135","핫팻 (붙착형)","GENERAL_PATIENT","GENERAL","PAT_OTHER","기타 환자용품"
"ed7bc8ba-4f64-4c7d-bc24-7766bad4491f","L-134","핫팻 (포켓용)","GENERAL_PATIENT","GENERAL","PAT_OTHER","기타 환자용품"
"c402df47-fffa-46fd-89ad-7e4da135061d","T-007","과일 병음료 (180ml)","GENERAL_SERVICE","FOOD","FOOD_DRINK","stats_bucket=FOOD"
"85813e3e-7c1a-45f4-90a0-1f1b789f58b9","T-005","기픈물 기본 (500ml)","GENERAL_SERVICE","FOOD","FOOD_DRINK","stats_bucket=FOOD"
"25d8178f-16be-411e-a23b-6f7e81d00b1d","T-006","기픈물 마그네슘 (500ml)","GENERAL_SERVICE","FOOD","FOOD_DRINK","stats_bucket=FOOD"
"060ce45c-639a-419d-8d57-f49501c760a1","L-040","꽃소금","GENERAL_SERVICE","GENERAL","FOOD_OTHER","조미료"
"9794ebe4-8237-4f97-8018-06dffb74ff46","T-003","삼다수 (1L)","GENERAL_SERVICE","FOOD","FOOD_DRINK","stats_bucket=FOOD"
"215bf0c2-b2c4-468e-b659-4a13b67c6430","T-001","삼다수 (330ml)","GENERAL_SERVICE","FOOD","FOOD_DRINK","stats_bucket=FOOD"
"8ee97c68-a423-412e-80ab-92584667f19e","T-002","삼다수 (500ml)","GENERAL_SERVICE","FOOD","FOOD_DRINK","stats_bucket=FOOD"
"d1266690-ca21-4931-beee-5287ddba02cb","T-008","포카리스웨트 (900ml)","GENERAL_SERVICE","FOOD","FOOD_DRINK","stats_bucket=FOOD"
"20a4cf5f-843b-46be-99e1-154ce4a78b1a","T-004","피지워터 (500ml)","GENERAL_SERVICE","FOOD","FOOD_DRINK","stats_bucket=FOOD"
"23b1e9bf-d5b2-413f-b4d1-70c8adbf4028","L-016","고무장갑(노랑) (소)","GENERAL_STAFF","GENERAL","STAFF_GLOVE","장갑"
"487ba29f-8368-412f-b6b4-eaed61bd761f","L-017","고무장갑(분홍) (중)","GENERAL_STAFF","GENERAL","STAFF_GLOVE","장갑"
"6f676590-d7f5-4545-91f5-f4af3780575d","L-015","고무장갑(빨강) (중)","GENERAL_STAFF","GENERAL","STAFF_GLOVE","장갑"
"73bd1032-f898-45b1-b11a-4f9fcc4c7bc8","L-018","고무장갑(아이보리) (중)","GENERAL_STAFF","GENERAL","STAFF_GLOVE","장갑"
"47208c65-dd1b-43b0-bb42-211fd52e92e5","L-014","고무장갑(적) 악어 (대)","GENERAL_STAFF","GENERAL","STAFF_GLOVE","장갑"
"4764fe35-15ed-44cc-a493-b99f698dd7c5","L-060","고무장화 (230)","GENERAL_STAFF","GENERAL","STAFF_SHOE","신발"
"073e7ec9-6ea7-4f90-87a1-309194efb381","L-061","고무장화 (235)","GENERAL_STAFF","GENERAL","STAFF_SHOE","신발"
"be96c104-f5a8-4672-a1ab-4a116bf2c8e2","L-062","고무장화 (240)","GENERAL_STAFF","GENERAL","STAFF_SHOE","신발"
"87907983-4956-4e51-97a6-fea18e355026","L-063","고무장화 (245)","GENERAL_STAFF","GENERAL","STAFF_SHOE","신발"
"b430d87f-9faf-4459-814b-f93c0254523b","L-064","고무장화 (250)","GENERAL_STAFF","GENERAL","STAFF_SHOE","신발"
"f8562eea-57c7-4d09-bf1f-5fe6229b3bf2","L-065","고무장화 (255)","GENERAL_STAFF","GENERAL","STAFF_SHOE","신발"
"f02346bf-866e-42a9-a17c-566d20962498","L-066","고무장화 (260)","GENERAL_STAFF","GENERAL","STAFF_SHOE","신발"
"23835dfc-f259-4b43-980d-149023356361","L-067","고무장화 (265)","GENERAL_STAFF","GENERAL","STAFF_SHOE","신발"
"d79f9fd9-7cd2-4e61-843f-f1c30958aa0a","L-068","고무장화 (270)","GENERAL_STAFF","GENERAL","STAFF_SHOE","신발"
"4bc39503-f18b-4fc8-926c-b717a0358553","L-069","고무장화 (275)","GENERAL_STAFF","GENERAL","STAFF_SHOE","신발"
"5afc326c-3437-44ea-9441-1930e1cbcd67","L-070","고무장화 (280)","GENERAL_STAFF","GENERAL","STAFF_SHOE","신발"
"95df43b3-b595-49b5-b495-a3766bc2596e","L-071","고무장화 (285)","GENERAL_STAFF","GENERAL","STAFF_SHOE","신발"
"35fa06e1-53ec-45f8-8400-60fde7c4d99f","L-072","고무장화 (290)","GENERAL_STAFF","GENERAL","STAFF_SHOE","신발"
"c80485b8-6ee6-4b1e-bbf2-41ae80fac199","L-052","니트릴장갑 (L)","GENERAL_STAFF","GENERAL","STAFF_GLOVE","장갑"
"33dbdd7e-f6a7-4321-9e88-797a029036b9","L-051","니트릴장갑 (M)","GENERAL_STAFF","GENERAL","STAFF_GLOVE","장갑"
"7aff236d-38f6-4b4e-8d6b-dc51ad3993f7","L-053","니트릴장갑 (S)","GENERAL_STAFF","GENERAL","STAFF_GLOVE","장갑"
"342fa3db-7269-4b35-82d4-37009bc86f07","L-076","덴탈마스크 (파랑)","GENERAL_STAFF","GENERAL","MED_AIRWAY","호흡"
"e6f51252-f255-4800-b64d-5fae02ad8883","L-077","덴탈마스크 (흰색)","GENERAL_STAFF","GENERAL","MED_AIRWAY","호흡"
"35243ab1-2491-4ba0-a5f0-3c94da7903aa","L-079","방수앞치마(검정) (대)","GENERAL_STAFF","GENERAL","STAFF_OTHER","기타 보호구"
"9c8087c3-1453-47a2-b37b-0bc31f30eb4c","L-078","방수앞치마(남색) (대)","GENERAL_STAFF","GENERAL","STAFF_OTHER","기타 보호구"
"58b804bb-3108-41b0-afc6-4e384071ef25","L-080","방수앞치마(노랑) (대)","GENERAL_STAFF","GENERAL","STAFF_OTHER","기타 보호구"
"d6295bbe-0975-417e-8ce3-83c36c0c5ef0","L-084","방수앞치마(녹색) (대)","GENERAL_STAFF","GENERAL","STAFF_OTHER","기타 보호구"
"c2f10613-d307-4f17-a450-f9d18855331d","L-082","방수앞치마(보라) (대)","GENERAL_STAFF","GENERAL","STAFF_OTHER","기타 보호구"
"bcee4f5b-81af-419e-bb49-188b7315c0b5","L-083","방수앞치마(오렌지) (대)","GENERAL_STAFF","GENERAL","STAFF_OTHER","기타 보호구"
"ea481195-d72b-4ccc-ab6b-8948f9b31fe1","L-085","방수앞치마(은색) (대)","GENERAL_STAFF","GENERAL","STAFF_OTHER","기타 보호구"
"1c512425-4cf5-484e-847d-9017c52ccfd9","L-081","방수앞치마(핑크) (대)","GENERAL_STAFF","GENERAL","STAFF_OTHER","기타 보호구"
"90427d39-cd7a-4271-ac4b-084009437465","L-164","아크릴집게명찰","GENERAL_STAFF","GENERAL","STAFF_OTHER","기타 보호구"
"0c1a7ee1-b2bd-46c7-bdea-7e5ce48dad14","L-027","예식장갑","GENERAL_STAFF","GENERAL","STAFF_GLOVE","장갑"
"42877e38-50cb-4a28-8c2d-05c0ea68e3d4","L-133","우의","GENERAL_STAFF","GENERAL","STAFF_OTHER","기타 보호구"
"24d86ba1-08f0-455d-af39-cbce7fee3ede","L-109","위생마스크","GENERAL_STAFF","GENERAL","MED_AIRWAY","호흡"
"37b1eb86-39b2-4aa1-be1e-d85e44cd3786","L-116","일회용 비닐가운","GENERAL_STAFF","GENERAL","STAFF_OTHER","기타 보호구"
"19206a21-a1a0-40fe-80ca-ce2e0959a741","L-115","일회용 앞치마","GENERAL_STAFF","GENERAL","STAFF_OTHER","기타 보호구"
"70795ac1-5e10-4240-8175-427a9a3201a6","L-143","일회용 헤어캡","GENERAL_STAFF","GENERAL","STAFF_OTHER","기타 보호구"
"e2f5d4cc-dc8f-4c27-997a-c2fea1fee45a","L-026","점기사장갑","GENERAL_STAFF","GENERAL","STAFF_GLOVE","장갑"
"fc257745-6e62-4ce4-947c-0b8ce773192b","L-028","줄기사장갑","GENERAL_STAFF","GENERAL","STAFF_GLOVE","장갑"
"ab741292-4a8d-4f73-8ad7-dfedd095d8e7","H-092","3-Way (ea)","MEDICAL_ACT","MEDICAL","MED_INJECTION","주사·투약 기구"
"6cf43e4b-e95a-463c-b34e-29de654f0406","H-073","Air Way (3#(96mm))","MEDICAL_ACT","MEDICAL","MED_AIRWAY","호흡"
"26e1f898-bf7c-4585-9fe5-ac939c8e0599","H-075","Air Way (4호)","MEDICAL_ACT","MEDICAL","MED_AIRWAY","호흡"
"08ce7057-50e6-470b-a742-29f5c3326a18","H-076","Air Way (7호)","MEDICAL_ACT","MEDICAL","MED_AIRWAY","호흡"
"2572266b-38d0-48a0-873f-fb1259ccf147","H-146","BREATHING SET (ea)","MEDICAL_ACT","MEDICAL","MED_AIRWAY","호흡"
"b32910c4-967c-42db-8b83-8f8c465cdd2a","H-090","Connector (I-Type)","MEDICAL_ACT","MEDICAL","MED_CATHETER","카테터"
"43cc797e-d45d-49a8-b0d9-103f56078166","H-091","Connector (Y-Type)","MEDICAL_ACT","MEDICAL","MED_CATHETER","카테터"
"3df5a658-f110-4cff-8b81-4fb3cb8033be","H-135","Decopore (1*12)","MEDICAL_ACT","MEDICAL","MED_DRESSING","드레싱"
"c691846e-c77e-498d-a8e0-a170895f6a85","H-079","Dosi Flow(MLS-32) (EA)","MEDICAL_ACT","MEDICAL","MED_INJECTION","주사·투약 기구"
"df88f977-9b48-402d-b259-e1e810ca4eab","Y-002","ECG 중간케이블","MEDICAL_ACT","MEDICAL","MED_MONITOR","검사·모니터"
"29482c99-0da2-4ecc-8672-6de65d41e349","Y-003","ECG 케이블","MEDICAL_ACT","MEDICAL","MED_MONITOR","검사·모니터"
"df6290f3-1bdc-4845-992a-a39e73608fc5","H-098","ENDO TUBE (6.5)","MEDICAL_ACT","MEDICAL","MED_AIRWAY","호흡"
"c56ee1a2-ce28-493b-b1ae-f2c13a551207","H-100","ENDO TUBE (7)","MEDICAL_ACT","MEDICAL","MED_AIRWAY","호흡"
"8a1385ee-2bc2-4321-94ac-0747a8d2537e","H-099","ENDO TUBE (7.5)","MEDICAL_ACT","MEDICAL","MED_AIRWAY","호흡"
"7f6fd24f-5c7c-497d-847f-7294d22af28b","H-097","ENDO TUBE (8)","MEDICAL_ACT","MEDICAL","MED_AIRWAY","호흡"
"188e1094-f66a-4e20-913f-9c821104e6c2","H-145","Focep (16cm)","MEDICAL_ACT","MEDICAL","MED_OTHER","수술·기타 의료"
"bbd1597d-ce48-4cfa-a3c7-cb165f6adea8","H-078","Heparine Cap (1*100)","MEDICAL_ACT","MEDICAL","MED_INJECTION","주사·투약 기구"
"664bc110-047b-41e9-810a-177e28c01efa","H-126","I.V CATH (18G(45mm))","MEDICAL_ACT","MEDICAL","MED_CATHETER","카테터"
"d4a87514-68b1-4338-bcb7-acc04f324bf8","H-028","I.V Set(MLS-11) (110/무침)","MEDICAL_ACT","MEDICAL","MED_OTHER","legacy-MEDICAL_ACT"
"d45889f7-b87e-49a6-a39c-2a3b6c55d202","H-029","I.V Set(MLS-24) (122 Y-type)","MEDICAL_ACT","MEDICAL","MED_OTHER","legacy-MEDICAL_ACT"
"115cff6a-f70c-49fe-a38e-fdf61bee3d7e","H-134","LARYNGO SCOPY (대)","MEDICAL_ACT","MEDICAL","MED_AIRWAY","호흡기 기구"
"05d29c5d-3974-459c-b70f-02734bec01a6","H-046","Levin Tube (14Fr)","MEDICAL_ACT","MEDICAL","MED_CATHETER","카테터·튜브"
"361e6fb4-eb80-4e67-b736-2a55efe6c489","H-047","Levin Tube (16Fr)","MEDICAL_ACT","MEDICAL","MED_CATHETER","카테터·튜브"
"2e742d62-c1dc-4f5b-a3c0-b260a53c4998","H-048","Levin Tube (18Fr)","MEDICAL_ACT","MEDICAL","MED_CATHETER","카테터·튜브"
"a02cb048-0694-4c3c-8400-0a124fad96fc","H-143","M-VAC (2Way)","MEDICAL_ACT","MEDICAL","MED_AIRWAY","호흡기 기구"
"30b007f9-087a-4e55-983f-33a97f1f23eb","H-030","Medicut(한백) (18G)","MEDICAL_ACT","MEDICAL","MED_INJECTION","주사·투약 기구"
"fa6db71a-e5fa-4506-8d95-2fa213a077f1","H-031","Medicut(한백) (22G)","MEDICAL_ACT","MEDICAL","MED_INJECTION","주사·투약 기구"
"aa6e5d6d-fc49-46ad-85d7-a65253b0f315","H-032","Medicut(한백) (24G)","MEDICAL_ACT","MEDICAL","MED_INJECTION","주사·투약 기구"
"e0b61817-53fb-40d7-a3c2-43ffe6e7d590","H-124","NYLON (3-0)","MEDICAL_ACT","MEDICAL","MED_OTHER","수술·기타 의료"
"97b728e5-6ae1-4f3f-b180-cd7036353d4a","H-080","Nasal Cannular (240cm(green))","MEDICAL_ACT","MEDICAL","MED_AIRWAY","호흡기 기구"
"334d3c46-a0ed-4d47-8ee0-ca0df5798264","H-132","Nasal Cannular (소아용)","MEDICAL_ACT","MEDICAL","MED_AIRWAY","호흡기 기구"
"f5f17350-e725-46a8-8de7-137a0ded970c","H-082","Nebuilzer Kit (#8900(k4200008))","MEDICAL_ACT","MEDICAL","MED_OTHER","legacy-MEDICAL_ACT"
"ffa1b51a-0716-4850-9a15-d739569b5ef6","H-083","Nebuilzer Mask (EA)","MEDICAL_ACT","MEDICAL","MED_OTHER","legacy-MEDICAL_ACT"
"dd8ba688-93b2-42d0-ab33-3731b41fc7db","H-042","Nelaton Cath (6Fr)","MEDICAL_ACT","MEDICAL","MED_CATHETER","카테터·튜브"
"d8fc97d1-fa0a-49f2-bbc7-33a14b0894a0","H-043","Nelaton Cath (7Fr)","MEDICAL_ACT","MEDICAL","MED_CATHETER","카테터·튜브"
"5fdff531-c416-4700-84ed-624616150e7e","H-044","Nelaton Cath (8Fr)","MEDICAL_ACT","MEDICAL","MED_CATHETER","카테터·튜브"
"906cad4b-9577-4124-9613-81ec4a097cb2","H-095","O2 LINE (EA)","MEDICAL_ACT","MEDICAL","MED_AIRWAY","호흡기 기구"
"0c4c1ad2-c067-40e9-8dd0-06df3eb396d0","H-058","O2 Mask (성인)","MEDICAL_ACT","MEDICAL","MED_AIRWAY","호흡기 기구"
"694466d2-7858-4e4f-b698-ef0ac8a18aa5","H-131","O2 Mask (소아용)","MEDICAL_ACT","MEDICAL","MED_AIRWAY","호흡기 기구"
"12a02226-7c18-4986-8c2f-b08195bcd1db","H-045","Rectal Tube (28Fr)","MEDICAL_ACT","MEDICAL","MED_CATHETER","카테터·튜브"
"94abcb7b-016a-4a15-8382-6870a955734a","H-034","S/Foley Cath (12Fr)","MEDICAL_ACT","MEDICAL","MED_CATHETER","카테터·튜브"
"bd77abbb-4c17-4faf-b3ab-b19579af25a8","H-035","S/Foley Cath (14Fr)","MEDICAL_ACT","MEDICAL","MED_CATHETER","카테터·튜브"
"fa7629ec-8a3e-41c7-9e42-2318db6c5212","H-036","S/Foley Cath (16Fr(3way))","MEDICAL_ACT","MEDICAL","MED_CATHETER","카테터·튜브"
"86efb2ec-610b-4aa5-9f71-d97b3b5794fc","H-037","S/Foley Cath (16Fr)","MEDICAL_ACT","MEDICAL","MED_CATHETER","카테터·튜브"
"e7458f1d-dd41-4d64-95fd-ddb3680e51fc","H-038","S/Foley Cath (18Fr)","MEDICAL_ACT","MEDICAL","MED_CATHETER","카테터·튜브"
"c426deca-fee6-4b01-868c-bc52858662e0","H-039","S/Foley Cath (20Fr)","MEDICAL_ACT","MEDICAL","MED_CATHETER","카테터·튜브"
"75283302-9b55-48a6-bb15-e5763fdd381c","H-040","S/Foley cath (22Fr)","MEDICAL_ACT","MEDICAL","MED_CATHETER","카테터·튜브"
"3bb1a545-8696-4492-bb68-e85bd3166e6a","H-041","S/Foley cath (24Fr)","MEDICAL_ACT","MEDICAL","MED_CATHETER","카테터·튜브"
"a7a1f853-3c56-4ec3-bd27-2072fd78a8b4","H-133","STYLET","MEDICAL_ACT","MEDICAL","MED_AIRWAY","호흡기 기구"
"f8bc2962-5ff4-4e46-a6c1-a9768e4460fe","H-140","SURECAN SAFETY (20G)","MEDICAL_ACT","MEDICAL","MED_CATHETER","카테터·튜브"
"90a3a289-6857-40da-9383-8754a6365f81","H-119","Speechcannuia (10)","MEDICAL_ACT","MEDICAL","MED_AIRWAY","호흡기 기구"
"8a964359-33e8-4a80-93c7-cdf897e6b1f9","H-084","Speechcannuia (9size)","MEDICAL_ACT","MEDICAL","MED_AIRWAY","호흡기 기구"
"f7e4c385-0b8d-4d12-ab15-779c6f7f5308","H-049","Suction Tip(일체형) (12Fr)","MEDICAL_ACT","MEDICAL","MED_AIRWAY","호흡"
"2ac29311-68d3-4c2b-a4d1-e1be7d1d8bcf","H-050","Suction Tip(일체형) (14Fr)","MEDICAL_ACT","MEDICAL","MED_AIRWAY","호흡"
"d87059e4-176b-468c-b7af-b937e330def0","H-051","Suction Tip(일체형) (16Fr)","MEDICAL_ACT","MEDICAL","MED_AIRWAY","호흡"
"add3fb04-09ef-4fb9-a0bc-53e698d0c88e","H-052","Suction Tip(일체형) (18Fr)","MEDICAL_ACT","MEDICAL","MED_AIRWAY","호흡"
"32b06426-f44c-4ec1-92c1-3924cbc01058","H-053","Suction line (ea)","MEDICAL_ACT","MEDICAL","MED_AIRWAY","호흡"
"9c1b0746-ea7d-44d3-b466-aa30287090ea","H-069","T-Tube (6)","MEDICAL_ACT","MEDICAL","MED_CATHETER","카테터·튜브"
"949bdc87-e997-4c9e-88ca-68d9740801bc","H-070","T-Tube (6.5)","MEDICAL_ACT","MEDICAL","MED_CATHETER","카테터·튜브"
"920db8df-900a-4e14-8750-5189e657a331","H-071","T-Tube (7)","MEDICAL_ACT","MEDICAL","MED_CATHETER","카테터·튜브"
"733cb5d1-2310-4f81-b158-4e5761f467dc","H-072","T-Tube (7.5)","MEDICAL_ACT","MEDICAL","MED_CATHETER","카테터·튜브"
"fbe36d37-45e5-476c-a996-8a9d8f2feb92","H-077","T-piece (ea)","MEDICAL_ACT","MEDICAL","MED_CATHETER","카테터·튜브"
"b81e6cda-a924-4ba2-8728-5772a3e62aac","H-136","T-tube (8)","MEDICAL_ACT","MEDICAL","MED_CATHETER","카테터·튜브"
"df5afb47-b92f-40a8-8854-c17339b0ff38","H-144","TRACOE (REF320 7#)","MEDICAL_ACT","MEDICAL","MED_AIRWAY","호흡기 기구"
"c234f3d6-c380-4872-81db-33701d4fb6ae","H-125","TWO-lumen cvc (7Fr)","MEDICAL_ACT","MEDICAL","MED_CATHETER","카테터·튜브"
"1a70dff0-c006-4350-995e-9ed1b9539ebd","H-033","Urine Bag (EA)","MEDICAL_ACT","MEDICAL","MED_CATHETER","카테터·튜브"
"c184ee5d-441a-4856-ba7e-c25637fc2735","H-114","novo fine (32G)","MEDICAL_ACT","MEDICAL","MED_INJECTION","주사·투약 기구"
"f8830c9b-5f53-4f9b-b171-c1c52ce837d2","H-120","surgical blade (no.10)","MEDICAL_ACT","MEDICAL","MED_OTHER","수술·기타 의료"
"bc0e9f6a-313b-4e5b-aba7-9fbaa0fd74b4","H-121","surgical blade (no.11)","MEDICAL_ACT","MEDICAL","MED_OTHER","수술·기타 의료"
"58678e66-07fe-4c26-be77-eea05c988acf","H-085","뉴젠 (ea)","MEDICAL_ACT","MEDICAL","MED_OTHER","legacy-MEDICAL_ACT"
"a1ef7437-23c7-4981-a5f8-cb0eef75cb1b","GLOVES-01","니트릴 장갑 M","MEDICAL_ACT","MEDICAL","STAFF_GLOVE","장갑"
"63383a1a-98bb-4863-8f64-f6380a3c2e32","H-115","봉합사 (3)","MEDICAL_ACT","MEDICAL","MED_OTHER","수술·기타 의료"
"2790585b-ed55-4af2-8817-8ade7f50ec70","H-116","봉합사 (4)","MEDICAL_ACT","MEDICAL","MED_OTHER","수술·기타 의료"
"3ee8fcbc-1652-4a28-8ca3-02cecf74c67a","H-117","봉합사 (5)","MEDICAL_ACT","MEDICAL","MED_OTHER","수술·기타 의료"
"9669e4ce-24df-419e-ad92-7c34dacb2487","H-150","부항 (1호)","MEDICAL_ACT","MEDICAL","MED_OTHER","legacy-MEDICAL_ACT"
"4a7c26d0-a06e-41c4-a413-27f1ac45d723","H-151","부항 (3호)","MEDICAL_ACT","MEDICAL","MED_OTHER","legacy-MEDICAL_ACT"
"ebc6694a-f7c4-4c01-9962-8884d0e6c72e","H-128","붙이는 침","MEDICAL_ACT","MEDICAL","MED_OTHER","legacy-MEDICAL_ACT"
"01870649-7678-4bc5-a0ef-710da8684f77","Y-001","산소포화도 측정기 (EKG)","MEDICAL_ACT","MEDICAL","MED_MONITOR","검사·모니터"
"5ea1adc3-09dd-4935-b35d-d67620abd1c7","V-016","소독 드레싱카","MEDICAL_ACT","MEDICAL","FAC_CLEAN","청소·위생"
"29543fa9-818e-4b22-b877-9fa2b7be92f8","H-127","수혈세트-S","MEDICAL_ACT","MEDICAL","MED_OTHER","legacy-MEDICAL_ACT"
"b3489916-d302-4099-854c-ec64d48bce1e","H-094","장루 파우치 (401502)","MEDICAL_ACT","MEDICAL","MED_OTHER","legacy-MEDICAL_ACT"
"88bf94c4-9bd6-43f1-96f2-5097b7e66d31","H-093","장루 판 (413182)","MEDICAL_ACT","MEDICAL","MED_OTHER","legacy-MEDICAL_ACT"
"c6cfc46c-26fb-4c05-baaa-06adc95deb86","SYRINGE-01","주사기 5ml","MEDICAL_ACT","MEDICAL","MED_INJECTION","주사"
"852c5bae-8af9-4e04-8f72-f6f7471aa1a4","Y-007","혈압계 커프 (EKG)","MEDICAL_ACT","MEDICAL","MED_MONITOR","검사·모니터"
"2c83867d-8616-43e3-8758-4719adafa880","Y-005","혈압계 커프 (메타)","MEDICAL_ACT","MEDICAL","MED_MONITOR","검사·모니터"
"62161f3e-8ad4-4829-a329-df9a9fe0c324","Y-006","혈압계 커프 (스텐드)","MEDICAL_ACT","MEDICAL","MED_MONITOR","검사·모니터"
"651e91be-0cfe-48bc-9054-3ad65da62cfe","Y-004","혈압계 커프 (자동)","MEDICAL_ACT","MEDICAL","MED_MONITOR","검사·모니터"
"e53eeb98-14e3-4a20-b551-2b7269fc39f0","V-017","휠체어","MEDICAL_ACT","MEDICAL","MED_OTHER","legacy-MEDICAL_ACT"
"1eea47f5-f077-422e-97aa-58f05da227f8","H-054","3M micropore (1*12's/1530-1)","MEDICAL_FIXED","MEDICAL","MED_DRESSING","드레싱"
"330b55f1-52fa-4e69-952a-af9fb83c67d6","H-106","3M 테가덤 필름 (1626W)","MEDICAL_FIXED","MEDICAL","MED_DRESSING","드레싱"
"28992db7-8ad7-41d2-8d8c-a1bc24f55ae4","H-105","3M 테가덤 필름 (CHG 1660R)","MEDICAL_FIXED","MEDICAL","MED_DRESSING","드레싱"
"e1797ca5-a066-429c-90a3-3ecce1e90158","H-086","3m indicator (1322-24mm)","MEDICAL_FIXED","MEDICAL","MED_DRESSING","드레싱"
"3cd4d000-34a7-42f4-b4c1-808559959ab3","H-138","AED 패드 (EA)","MEDICAL_FIXED","MEDICAL","MED_MONITOR","검사·모니터"
"0684d5f0-65db-4641-9288-3a3edf98cc7f","H-013","Biopore (1*12's)","MEDICAL_FIXED","MEDICAL","MED_DRESSING","드레싱"
"71d6bed4-d198-4e24-b4c3-5f6c65f07d8f","H-006","Cotton Ball (1호/450g)","MEDICAL_FIXED","MEDICAL","MED_DRESSING","드레싱"
"091819e2-66fa-4229-8672-6bb61ea6e40c","H-007","Cotton Ball (2호/450g)","MEDICAL_FIXED","MEDICAL","MED_DRESSING","드레싱"
"8dfb4f15-5b6b-43fe-b5c7-6329eef40007","H-008","Cotton Ball (3호/450g)","MEDICAL_FIXED","MEDICAL","MED_DRESSING","드레싱"
"6b986496-81aa-4d32-95eb-d07ffc0f337e","H-009","Cotton Ball/필터볼 (2호/450g)","MEDICAL_FIXED","MEDICAL","MED_DRESSING","드레싱"
"e29a8c9e-feff-4be3-8cb6-27a9e7ecb7dd","H-010","Cotton Ball/필터볼 (3호/450g)","MEDICAL_FIXED","MEDICAL","MED_DRESSING","드레싱"
"3bef199c-8e96-455e-80b4-fd02979e4141","H-026","D/Needle (18G)","MEDICAL_FIXED","MEDICAL","MED_INJECTION","주사"
"dd438d2f-067f-410b-8df4-775556f58328","H-027","D/Needle (23G)","MEDICAL_FIXED","MEDICAL","MED_INJECTION","주사"
"af4c5423-5780-442a-940c-a10cf68a6f2a","H-021","D/Syringe (10cc/23G)","MEDICAL_FIXED","MEDICAL","MED_INJECTION","주사"
"b622ca18-be82-4a3d-a98e-3885f06187e8","H-018","D/Syringe (1cc/26G)","MEDICAL_FIXED","MEDICAL","MED_INJECTION","주사"
"a9b4e2be-abb3-4db9-9660-45c96262b1a8","H-022","D/Syringe (20cc/23G)","MEDICAL_FIXED","MEDICAL","MED_INJECTION","주사"
"28238dce-c151-433b-ae71-56ede3c37861","H-019","D/Syringe (3cc/23G)","MEDICAL_FIXED","MEDICAL","MED_INJECTION","주사"
"cd137d47-5295-4d5b-b2d8-92155a9e7dae","H-020","D/Syringe (5cc/23G)","MEDICAL_FIXED","MEDICAL","MED_INJECTION","주사"
"fe9766fb-4fcc-48f6-9480-2eae71203136","H-110","Durapore (1호)","MEDICAL_FIXED","MEDICAL","MED_DRESSING","드레싱"
"8dc87a30-f1a5-4812-8878-307a33b0ff2a","H-064","E.K.G. Paper (ea)","MEDICAL_FIXED","MEDICAL","MED_OTHER","legacy-MEDICAL_FIXED"
"4312ea1f-86a0-4f2b-a45c-5e6d25700ad0","H-065","EKG Electrode (Skintact)","MEDICAL_FIXED","MEDICAL","MED_MONITOR","검사·모니터"
"37b4061f-fc6c-440f-ba63-f115817db421","H-025","Enema Syringe (60cc)","MEDICAL_FIXED","MEDICAL","MED_INJECTION","주사"
"a5024a4e-7f83-4046-b777-d281465f1426","H-012","Fix roll Tape (10cm*10cm)","MEDICAL_FIXED","MEDICAL","MED_OTHER","legacy-MEDICAL_FIXED"
"61003b92-1771-42a6-800c-4b9d83ea89a6","H-001","Guaze (2*2)","MEDICAL_FIXED","MEDICAL","MED_OTHER","legacy-MEDICAL_FIXED"
"b7bee4d0-f8f7-4ece-8be8-eea6eb2d57e8","H-002","Guaze (3*3)","MEDICAL_FIXED","MEDICAL","MED_OTHER","legacy-MEDICAL_FIXED"
"a85ba1b7-e570-448f-9aab-9e6ef91e4a4e","H-003","Guaze (4*3)","MEDICAL_FIXED","MEDICAL","MED_OTHER","legacy-MEDICAL_FIXED"
"1006ae4b-4374-496a-bb2e-4768569ec3f8","H-004","Guaze (4*4)","MEDICAL_FIXED","MEDICAL","MED_OTHER","legacy-MEDICAL_FIXED"
"50745950-c96e-4490-9bb8-4aa819dd07bf","H-113","Plasta (cotton)","MEDICAL_FIXED","MEDICAL","MED_DRESSING","드레싱"
"aff38b59-4629-4b3e-8d7e-0e80e59399cd","H-147","Poly glove (ea)","MEDICAL_FIXED","MEDICAL","STAFF_GLOVE","장갑"
"94a65b1e-691a-454f-b0b3-ead9cb158e48","H-122","SEP Steam Label (indicator)","MEDICAL_FIXED","MEDICAL","MED_DRESSING","드레싱"
"13c10afe-a69e-45c7-987b-1dd4bea04eb9","H-130","Steam cemicl (indicator)","MEDICAL_FIXED","MEDICAL","MED_DRESSING","드레싱"
"b2e65db6-ac2f-47a0-92cb-f93e13288c9f","H-060","Surgical Glove (L)","MEDICAL_FIXED","MEDICAL","STAFF_GLOVE","장갑"
"7cc9b800-82f2-4935-9c37-fb61e40cda81","H-061","Surgical Glove (M)","MEDICAL_FIXED","MEDICAL","STAFF_GLOVE","장갑"
"6f447e37-0fd5-4e33-b8a2-e69fe390aeec","H-062","Surgical Glove (S)","MEDICAL_FIXED","MEDICAL","STAFF_GLOVE","장갑"
"407faa4e-b3e8-48ba-9c3d-b088c1f9ed04","H-059","Surgical Jelly (120g)","MEDICAL_FIXED","MEDICAL","MED_OTHER","legacy-MEDICAL_FIXED"
"f0a4d109-0f98-46e7-bb89-443416963eaa","H-011","Surgical Pad (18*18*20's)","MEDICAL_FIXED","MEDICAL","MED_OTHER","legacy-MEDICAL_FIXED"
"105b98f8-a206-463d-aaaf-9ab6d76b22b5","H-118","biological indicator (1262/100's)","MEDICAL_FIXED","MEDICAL","MED_DRESSING","드레싱"
"24c8533e-64e7-4e0c-a9fb-e9df1424257f","H-141","indicator(수성) (1322-24mm)","MEDICAL_FIXED","MEDICAL","MED_DRESSING","드레싱"
"76621be4-15c0-48b1-a4e0-e918e5638a6c","GAUZE-01","거즈 (10x10)","MEDICAL_FIXED","MEDICAL","MED_DRESSING","드레싱"
"afd53dce-ddcb-4839-a759-d4a6e0605ce7","H-096","과산화수소 (250ml)","MEDICAL_FIXED","MEDICAL","MED_OTHER","legacy-MEDICAL_FIXED"
"08ade653-2eca-4d0d-9a93-3d09908c7845","X-007","네블라이저","MEDICAL_FIXED","MEDICAL","MED_OTHER","legacy-MEDICAL_FIXED"
"0d262cfa-aecb-4598-91f7-2b556c351ef6","H-067","동방침 (0.20*30mm)","MEDICAL_FIXED","MEDICAL","MED_OTHER","legacy-MEDICAL_FIXED"
"9e146556-11e4-4c13-8f69-5436b6c4acf0","H-068","동방침 (0.25*30mm)","MEDICAL_FIXED","MEDICAL","MED_OTHER","legacy-MEDICAL_FIXED"
"f550bad7-2710-49a2-8b17-a24fa9e3734f","H-066","동서미니뜸 (180's)","MEDICAL_FIXED","MEDICAL","MED_OTHER","legacy-MEDICAL_FIXED"
"fe4be59e-203a-4bf7-8f21-6d79afce160a","X-005","메타혈압계","MEDICAL_FIXED","MEDICAL","MED_MONITOR","검사·모니터"
"8b2574fa-07e0-41a2-8f7f-3dc5ca5b2342","H-063","목설압자 (대/100pcs)","MEDICAL_FIXED","MEDICAL","OFF_STATIONERY","필기·문구"
"fbc8dc78-8ac5-4a06-aaba-2a6eb20dbd4d","H-139","바일백 (EA)","MEDICAL_FIXED","MEDICAL","MED_OTHER","legacy-MEDICAL_FIXED"
"ae84b094-0b4a-4e44-8955-a6e14f0d58df","BAND-01","반창고 대","MEDICAL_FIXED","MEDICAL","MED_DRESSING","드레싱"
"7ef1fe05-dd15-4232-b61e-827a1ecb2800","H-014","밴드에스 (1*45's)","MEDICAL_FIXED","MEDICAL","MED_OTHER","legacy-MEDICAL_FIXED"
"ed795846-9ea5-46c9-b4b9-2e99935925df","X-002","벽붙착 산소메타","MEDICAL_FIXED","MEDICAL","MED_AIRWAY","호흡"
"14e29cea-c72b-4c76-a3e8-2eca4f1f5da5","X-008","산소포화도 측정기 (휴대용)","MEDICAL_FIXED","MEDICAL","MED_MONITOR","검사·모니터"
"213259be-d464-468d-8963-0799bf3ee6d7","X-003","셕션보틀","MEDICAL_FIXED","MEDICAL","MED_OTHER","legacy-MEDICAL_FIXED"
"4dbd4cb1-a91e-4551-87c8-365d05aff49f","H-148","손소독제","MEDICAL_FIXED","MEDICAL","FAC_CLEAN","청소·위생"
"83b7716c-8c06-41d7-b464-2febc1e05dcc","H-081","솜면봉 (1*10)","MEDICAL_FIXED","MEDICAL","MED_DRESSING","드레싱"
"981ad52a-d553-4cfb-b6d0-49dd400cbaac","H-104","솜붕대 (4"")","MEDICAL_FIXED","MEDICAL","MED_DRESSING","드레싱"
"aa85ea93-aecf-401d-b32c-535e2246003d","H-103","솜붕대 (6"")","MEDICAL_FIXED","MEDICAL","MED_DRESSING","드레싱"
"19692c10-2421-49ad-a48d-67394fd1419d","H-129","스킨코튼플러스 (400매)","MEDICAL_FIXED","MEDICAL","PAT_BATH","세면·목욕"
"0460fea3-ff3a-44f9-bd53-216e38e5eca1","H-142","스프린트 (3')","MEDICAL_FIXED","MEDICAL","MED_OTHER","legacy-MEDICAL_FIXED"
"e69ad0f4-6f8c-4e37-8f02-c1ac17125b4f","H-101","스프린트 (4"")","MEDICAL_FIXED","MEDICAL","MED_OTHER","legacy-MEDICAL_FIXED"
"878469df-18cd-411f-84ea-dc5d40e2f2fa","H-102","스프린트 (6"")","MEDICAL_FIXED","MEDICAL","MED_OTHER","legacy-MEDICAL_FIXED"
"1a7f4236-3c9a-4113-b71a-69f47add040d","H-109","시저 (EA)","MEDICAL_FIXED","MEDICAL","MED_OTHER","legacy-MEDICAL_FIXED"
"8c2bf243-5798-4059-8ae3-602b94d5ee61","H-137","쑥봉지 (EA)","MEDICAL_FIXED","MEDICAL","MED_OTHER","legacy-MEDICAL_FIXED"
"4bd85b8b-cdcc-44f5-9a8e-17e7f0d5f319","H-057","아세톤 (100ml)","MEDICAL_FIXED","MEDICAL","MED_OTHER","legacy-MEDICAL_FIXED"
"742b6819-b1d4-491b-a3e7-aa91dc973562","H-111","알코올 (1L)","MEDICAL_FIXED","MEDICAL","MED_OTHER","legacy-MEDICAL_FIXED"
"3b375309-f5a7-4ca5-9a78-a937c1189f36","H-107","알콜스왑(70%) (100매)","MEDICAL_FIXED","MEDICAL","MED_OTHER","legacy-MEDICAL_FIXED"
"4d964c8a-736e-4b05-9952-71e822d43354","H-112","에탄올 (18L)","MEDICAL_FIXED","MEDICAL","MED_OTHER","legacy-MEDICAL_FIXED"
"b8fa1942-b750-48d4-a4c6-db78c0049ae1","H-056","염화벤잘코늄 (1L)","MEDICAL_FIXED","MEDICAL","MED_OTHER","legacy-MEDICAL_FIXED"
"120f2139-8ac8-4151-a0c7-b2f41f0a69f9","X-001","이동식 산소메타","MEDICAL_FIXED","MEDICAL","MED_AIRWAY","호흡"
"e39518be-98d8-4209-9cea-a232557517f3","X-004","자동혈압계","MEDICAL_FIXED","MEDICAL","MED_MONITOR","검사·모니터"
"6ab697ac-6c11-4806-a5cc-dde44ab8fb52","H-149","절사","MEDICAL_FIXED","MEDICAL","MED_OTHER","legacy-MEDICAL_FIXED"
"a69705c9-fd2f-4e07-b92e-fc40642d4644","H-024","채혈주사기 (10cc/21G)","MEDICAL_FIXED","MEDICAL","MED_INJECTION","주사"
"93f4e821-da92-4ed4-ab36-14534f54613c","H-023","채혈주사기 (5cc/23G)","MEDICAL_FIXED","MEDICAL","MED_INJECTION","주사"
"6a6b0af1-a53a-411a-ab7d-ded378594c2a","H-108","청진기 (단면)","MEDICAL_FIXED","MEDICAL","MED_MONITOR","검사·모니터"
"97331e09-194e-4e71-ba22-390dbfb2dfe4","X-006","체온계","MEDICAL_FIXED","MEDICAL","MED_MONITOR","검사·모니터"
"c0883e77-949d-4914-88e7-af137cb15d54","H-055","체온계 캡 (EA)","MEDICAL_FIXED","MEDICAL","MED_MONITOR","검사·모니터"
"21ee8a29-19ac-4820-a982-076f8588caaf","H-015","탄력붕대(E/B) (3*12's)","MEDICAL_FIXED","MEDICAL","MED_OTHER","legacy-MEDICAL_FIXED"
"31426ef6-b6bd-406f-8958-90f5a133c5c5","H-016","탄력붕대(E/B) (4*12's)","MEDICAL_FIXED","MEDICAL","MED_OTHER","legacy-MEDICAL_FIXED"
"5b0ae975-0baa-44fc-a734-bb274a785647","H-017","탄력붕대(E/B) (6*12's)","MEDICAL_FIXED","MEDICAL","MED_OTHER","legacy-MEDICAL_FIXED"
"3a1b2871-2112-4259-9669-412305c64631","H-005","탈지면 (4*3/450g)","MEDICAL_FIXED","MEDICAL","MED_OTHER","legacy-MEDICAL_FIXED"
"73e98c22-7377-4f2b-b21a-e25c51f07d49","H-123","토니켓 (4호)","MEDICAL_FIXED","MEDICAL","MED_OTHER","legacy-MEDICAL_FIXED"
"3951e47e-76e4-41b6-a818-aab6de862ef3","H-089","투약병 (100㎖)","MEDICAL_FIXED","MEDICAL","MED_INJECTION","주사"
"c60a3219-8b70-47ef-81b6-b0f4a6a3120b","H-087","투약병 (30㎖)","MEDICAL_FIXED","MEDICAL","MED_INJECTION","주사"
"d999ab9a-db13-4139-aaae-ebc46a99e69c","H-088","투약병 (60㎖)","MEDICAL_FIXED","MEDICAL","MED_INJECTION","주사"
"35382a1c-7cd5-4868-bd2d-b74c1adf8bb4","S-048","2공 펀치 (70mm)","OFFICE_SEMI","OFFICE","OFF_FILE","파일·봉투"
"15dbdc76-eaaf-4ae0-aca7-2288fefcfb5d","S-107","D링 바인더","OFFICE_SEMI","OFFICE","OFF_FILE","파일·봉투"
"dd40e552-1675-407d-9ace-837c37212838","S-045","USB (64GB)","OFFICE_SEMI","OFFICE","FAC_ELECTRONIC","전자·가전"
"7c58ee0c-2d97-4a0e-9ec9-7064d82f3bc9","Z-005","마우스 (무선)","OFFICE_SEMI","OFFICE","OFF_EQUIP","사무기기·가구"
"7f92194b-4b45-4bb0-a9b6-93022763bcdf","Z-004","마우스 (유선)","OFFICE_SEMI","OFFICE","OFF_EQUIP","사무기기·가구"
"e0cd5a72-8ceb-4842-821b-0257c692e61c","Z-002","모니터 (24인치)","OFFICE_SEMI","OFFICE","FAC_ELECTRONIC","전자·가전"
"6aaa94e2-3d0b-4f8c-a6c1-dbc1163f67dd","Z-003","모니터 (27인치)","OFFICE_SEMI","OFFICE","FAC_ELECTRONIC","전자·가전"
"4a68341c-fd90-454e-a987-47c80b14112a","Z-001","본체","OFFICE_SEMI","OFFICE","OFF_EQUIP","사무기기·가구"
"d6c92d2b-4f5e-4455-83e6-78a82c5389c2","S-024","사무용가위","OFFICE_SEMI","OFFICE","OFF_STATIONERY","필기·문구"
"2897331b-b3e3-4bfd-889e-89e2e779a7a8","S-023","사무용칼","OFFICE_SEMI","OFFICE","OFF_EQUIP","legacy-OFFICE_SEMI"
"3fc2bcc2-dfe8-4d2b-88c6-b4c9dd8e4b6f","S-033","스테플러 (33호)","OFFICE_SEMI","OFFICE","OFF_STATIONERY","필기·문구"
"991fb555-a6ec-4415-a107-586ec7728978","S-025","자(30cm)","OFFICE_SEMI","OFFICE","OFF_STATIONERY","필기·문구"
"e947160f-f91a-43e9-a53f-35c5c778bc95","S-078","제침기","OFFICE_SEMI","OFFICE","OFF_STATIONERY","필기·문구"
"dd5323e7-8e3a-4f5b-af6f-a02266280e2f","Z-007","키보드 (무선)","OFFICE_SEMI","OFFICE","OFF_EQUIP","사무기기·가구"
"7d3eaa3b-c247-4280-b753-4d7eb4074f6d","Z-006","키보드 (유선)","OFFICE_SEMI","OFFICE","OFF_EQUIP","사무기기·가구"
"0732f6ca-6ca3-4987-b956-5c5d7db61bf3","S-034","페이퍼 클립","OFFICE_SEMI","OFFICE","OFF_STATIONERY","필기·문구"
"b8ee7144-d5c6-497a-9c08-7ea1a81c43e8","S-044","A4 코팅지","OFFICE_SUPPLY","OFFICE","OFF_PAPER","용지·라벨"
"72e619d8-92ad-49c1-a8f1-641fdeaf720c","S-043","A5복사용지","OFFICE_SUPPLY","OFFICE","OFF_PAPER","용지·라벨"
"2c3a401f-f9fe-46ed-8e82-2601e844bf46","S-109","L자 파일","OFFICE_SUPPLY","OFFICE","OFF_FILE","파일·봉투"
"b272f81e-ab54-470a-969b-7cb6a8ef6e6d","S-020","견출지(수액라벨지)","OFFICE_SUPPLY","OFFICE","OFF_PAPER","용지·라벨"
"055da467-f7be-4e68-9452-e69357369061","S-067","경질봉투 (A4)","OFFICE_SUPPLY","OFFICE","FAC_STORAGE","수납·저장"
"8b3632aa-fbc1-4e0b-b0b2-a56521f6a7f3","S-074","날크맆","OFFICE_SUPPLY","OFFICE","OFF_OTHER","legacy-OFFICE_SUPPLY"
"10826603-b23e-40cb-a44f-05d234b2f60d","S-008","네임펜 (검정)","OFFICE_SUPPLY","OFFICE","OFF_STATIONERY","필기·문구"
"37fdc76a-10e1-4cb8-a149-33c340c54878","S-009","네임펜 (빨강)","OFFICE_SUPPLY","OFFICE","OFF_STATIONERY","필기·문구"
"bf190bd6-0433-4056-aee4-4d332fd91432","S-010","네임펜 (파랑)","OFFICE_SUPPLY","OFFICE","OFF_STATIONERY","필기·문구"
"059b2417-87ab-46cf-9ee9-421f47b39ddf","U-001","대봉투","OFFICE_SUPPLY","OFFICE","FAC_STORAGE","수납·저장"
"18124205-5b15-4fd7-ac39-8e4a4a18861d","S-054","더블클립 (대)","OFFICE_SUPPLY","OFFICE","OFF_STATIONERY","필기·문구"
"54971e5d-5ce8-4ba7-8eb8-b8dac3140591","S-052","더블클립 (소)","OFFICE_SUPPLY","OFFICE","OFF_STATIONERY","필기·문구"
"506497d4-18d5-464d-8985-7e62b20eba34","S-053","더블클립 (중)","OFFICE_SUPPLY","OFFICE","OFF_STATIONERY","필기·문구"
"819e31d6-805e-4e74-9406-c7d7cc2cc8a1","S-055","더블클립 (특대)","OFFICE_SUPPLY","OFFICE","OFF_STATIONERY","필기·문구"
"972917be-29f0-4ac3-a59e-a7a0a5673a20","S-013","딱풀","OFFICE_SUPPLY","OFFICE","OFF_STATIONERY","필기·문구"
"5f4e2362-0a2b-4d39-a5fd-1e411661f9d7","S-087","레이저용 광택 라벨 (V8110-100)","OFFICE_SUPPLY","OFFICE","OFF_PAPER","용지·라벨"
"c4f5f1a9-5728-4886-aece-26b57c94dc2e","U-017","리플렛","OFFICE_SUPPLY","OFFICE","OFF_PAPER","용지·라벨"
"6a13a96b-ad23-410a-9d49-c5bc5e0bd4f6","S-080","모나미 롤링펜","OFFICE_SUPPLY","OFFICE","OFF_STATIONERY","필기·문구"
"6ec9fcb2-3199-4097-a38b-c5e2dcdf20e0","U-007","무지 소봉투","OFFICE_SUPPLY","OFFICE","FAC_STORAGE","수납·저장"
"c20e1a46-54eb-44d0-955f-13edbbcfe6ea","S-041","문서보관상자 (노란색)","OFFICE_SUPPLY","OFFICE","FAC_STORAGE","수납·저장"
"04010106-d5c7-456b-b831-7e982e6b7dc9","S-039","문서보관상자 (분홍색)","OFFICE_SUPPLY","OFFICE","FAC_STORAGE","수납·저장"
"cb99329f-f6d6-4487-a70c-591c0a01790f","S-040","문서보관상자 (연두색)","OFFICE_SUPPLY","OFFICE","FAC_STORAGE","수납·저장"
"51f35306-d8ac-4381-9c71-3e4cf5562ef6","S-042","문서보관상자 (파랑색)","OFFICE_SUPPLY","OFFICE","FAC_STORAGE","수납·저장"
"f150b594-ae38-4a50-8141-85354b335ca0","S-001","박스테이프","OFFICE_SUPPLY","OFFICE","OFF_OTHER","legacy-OFFICE_SUPPLY"
"86e46bd2-f9ac-4b80-a84d-44f1b27b3ff8","S-030","보드마카 (검정)","OFFICE_SUPPLY","OFFICE","OFF_STATIONERY","필기·문구"
"910c5749-462f-48a2-bad3-6177d8cf1d21","S-031","보드마카 (빨강)","OFFICE_SUPPLY","OFFICE","OFF_STATIONERY","필기·문구"
"e0c8d4a6-d37c-496f-a541-475b54e841c1","S-083","보드마카 (파랑)","OFFICE_SUPPLY","OFFICE","OFF_STATIONERY","필기·문구"
"52cea049-3a79-4bd7-baad-f0eef81f5c34","S-032","보드마카 지우개","OFFICE_SUPPLY","OFFICE","OFF_STATIONERY","필기·문구"
"cf739016-89d1-4f1a-8a43-79177feedc78","S-011","복사용지( A4)","OFFICE_SUPPLY","OFFICE","OFF_PAPER","용지·라벨"
"b663bd7f-e6f6-41f7-8e2a-01206627259c","S-006","볼펜 (검정)","OFFICE_SUPPLY","OFFICE","OFF_STATIONERY","필기·문구"
"9ed97671-2b47-4815-921a-4b6e5e7b9afd","S-007","볼펜 (빨강)","OFFICE_SUPPLY","OFFICE","OFF_STATIONERY","필기·문구"
"6452be7f-366a-46eb-a43e-77be8d600fc5","S-081","볼펜 (파랑)","OFFICE_SUPPLY","OFFICE","OFF_STATIONERY","필기·문구"
"ceca1ba9-1cdc-4d62-8198-259409c4f479","U-018","브로슈어 (대)","OFFICE_SUPPLY","OFFICE","OFF_PAPER","용지·라벨"
"484bd617-9037-4e87-9596-c3245b0ee5be","U-020","브로슈어 (소)","OFFICE_SUPPLY","OFFICE","OFF_PAPER","용지·라벨"
"406a9149-b363-42f5-8071-68bd7d9ddf24","U-019","브로슈어 (중)","OFFICE_SUPPLY","OFFICE","OFF_PAPER","용지·라벨"
"4d79d593-b930-45f3-b4fd-535d9f660c15","S-029","빨대","OFFICE_SUPPLY","OFFICE","OFF_OTHER","legacy-OFFICE_SUPPLY"
"61b8411a-415b-49f8-90ce-14bd11c78e22","S-022","사무용칼심","OFFICE_SUPPLY","OFFICE","OFF_OTHER","legacy-OFFICE_SUPPLY"
"2aa0771b-3bd6-475e-b749-2cf9140da462","S-086","상장용지","OFFICE_SUPPLY","OFFICE","OFF_PAPER","용지·라벨"
"715b3088-d845-4f6e-af2b-477c430f67c4","S-064","색연필 (12종)","OFFICE_SUPPLY","OFFICE","OFF_STATIONERY","필기·문구"
"9bb65250-98d0-45c0-b16a-3c24949a7525","S-050","색종이 (단면)","OFFICE_SUPPLY","OFFICE","OFF_PAPER","용지·라벨"
"6d5afa35-1d4c-46e9-8998-4ec91d8884ac","S-051","색종이 (양면)","OFFICE_SUPPLY","OFFICE","OFF_PAPER","용지·라벨"
"73b214a3-dfa8-48c9-8eea-d2b95e09e9d7","U-002","소봉투","OFFICE_SUPPLY","OFFICE","FAC_STORAGE","수납·저장"
"4f04d692-c37a-4710-8a6b-309e6e0bcd65","U-016","쇼핑백 (대)","OFFICE_SUPPLY","OFFICE","FAC_STORAGE","수납·저장"
"d4fbdc48-61bc-4c0f-90be-9ad6c70ea816","U-014","쇼핑백 (소)","OFFICE_SUPPLY","OFFICE","FAC_STORAGE","수납·저장"
"1143fb01-8561-404b-91d9-203c29471ee2","U-015","쇼핑백 (중)","OFFICE_SUPPLY","OFFICE","FAC_STORAGE","수납·저장"
"3083784f-0817-4965-92c4-684bdbf1bb88","S-016","수정테이프","OFFICE_SUPPLY","OFFICE","OFF_STATIONERY","필기·문구"
"cdc00d13-c697-4d69-8c4d-b0027bacb4b6","S-084","스카치테이프","OFFICE_SUPPLY","OFFICE","OFF_STATIONERY","필기·문구"
"0e92f586-4ec9-4321-9379-353f16273055","S-110","스케치북","OFFICE_SUPPLY","OFFICE","OFF_PAPER","용지·라벨"
"4297d5e9-51b6-431c-832b-de8691ad1d5b","S-075","스테이플러심(제본용) (12mm)","OFFICE_SUPPLY","OFFICE","OFF_STATIONERY","필기·문구"
"81afaf23-6ba3-4f1f-a4c3-81d211fac35c","S-076","스테이플러심(제본용) (6mm)","OFFICE_SUPPLY","OFFICE","OFF_STATIONERY","필기·문구"
"b8be53b2-9352-49fc-8c4d-d3add637f219","S-012","스테플러심(33호)","OFFICE_SUPPLY","OFFICE","OFF_STATIONERY","필기·문구"
"f0a42305-9a03-49ae-bfc7-e82d69e98d6b","S-017","스프링노트","OFFICE_SUPPLY","OFFICE","OFF_PAPER","용지·라벨"
"e481e298-2f04-456f-8805-dcb844cc5d60","S-079","썬스타","OFFICE_SUPPLY","OFFICE","OFF_STATIONERY","필기·문구"
"f67836dd-8536-402e-9b0d-5c16f0846630","S-072","압핀","OFFICE_SUPPLY","OFFICE","OFF_STATIONERY","필기·문구"
"99ec90c1-4819-4ca4-ae22-7b07a64466ad","U-008","약 처방전","OFFICE_SUPPLY","OFFICE","OFF_PAPER","용지·라벨"
"1b803218-7fe6-4cf4-9b04-6007ca276574","U-012","약티켓 (빨강)","OFFICE_SUPPLY","OFFICE","OFF_PAPER","용지·라벨"
"082e60eb-3d7e-4fdb-baa1-171d10f582ad","U-013","약티켓 (파랑)","OFFICE_SUPPLY","OFFICE","OFF_PAPER","용지·라벨"
"08216d58-2b85-445a-a51d-424e537282d2","U-011","약티켓 (흰색)","OFFICE_SUPPLY","OFFICE","OFF_PAPER","용지·라벨"
"5440a619-58a9-478f-aee6-57954c9530c7","S-046","양면 네임펜 (검정)","OFFICE_SUPPLY","OFFICE","OFF_STATIONERY","필기·문구"
"33e3f7e3-cbdd-463d-8f69-20a3784b22a5","S-004","양면테이프 (1절)","OFFICE_SUPPLY","OFFICE","OFF_OTHER","legacy-OFFICE_SUPPLY"
"4bef00ec-6347-4bab-8e67-7e4bb2ed2337","S-005","양면테이프 (2절)","OFFICE_SUPPLY","OFFICE","OFF_OTHER","legacy-OFFICE_SUPPLY"
"48b3b76c-14d0-4455-b6d3-2a0279fed978","S-021","유성매직 (검정)","OFFICE_SUPPLY","OFFICE","OFF_STATIONERY","필기·문구"
"ab4faaa8-d348-4c33-935f-ad32d38c09ce","S-082","유성매직 (빨강)","OFFICE_SUPPLY","OFFICE","OFF_STATIONERY","필기·문구"
"134f1f45-01ab-4a03-b5dd-2672fbe65f5c","U-021","인계장","OFFICE_SUPPLY","OFFICE","OFF_PAPER","용지·라벨"
"44e05578-b8f2-4d13-b2b9-8541e3561992","S-089","인덱스 라벨 (V3540-100)","OFFICE_SUPPLY","OFFICE","OFF_PAPER","용지·라벨"
"7b24259d-7684-4049-bf21-1deb3687ca72","S-071","자석","OFFICE_SUPPLY","OFFICE","OFF_STATIONERY","필기·문구"
"af23598e-05fa-424c-b8b2-5489cad81def","S-085","재점착 라벨지 (R3330-10)","OFFICE_SUPPLY","OFFICE","OFF_PAPER","용지·라벨"
"3818edeb-aa38-4158-82c6-30b703c1f116","S-088","정부문서화일 라벨 (3629)","OFFICE_SUPPLY","OFFICE","OFF_PAPER","용지·라벨"
"0fda4894-bff0-44c4-a565-c1318f1111d3","S-037","정부화일 (노란색)","OFFICE_SUPPLY","OFFICE","OFF_FILE","파일·봉투"
"b812e82c-8cc2-4266-9f90-13960d1e3442","S-035","정부화일 (분홍색)","OFFICE_SUPPLY","OFFICE","OFF_FILE","파일·봉투"
"51454f3f-651d-43b9-bd21-2a467abaea7e","S-036","정부화일 (연두색)","OFFICE_SUPPLY","OFFICE","OFF_FILE","파일·봉투"
"772461cc-2d4a-4473-b0bf-c8b7483ef176","S-038","정부화일 (파랑색)","OFFICE_SUPPLY","OFFICE","OFF_FILE","파일·봉투"
"bb3fdc3e-74ff-4c51-8df8-d72ed9e5a309","U-005","조의금 소봉투 (상임이사님)","OFFICE_SUPPLY","OFFICE","FAC_STORAGE","수납·저장"
"046668be-e1f3-44bb-8ef1-aa37024141b9","U-006","조의금 소봉투 (행정원장님)","OFFICE_SUPPLY","OFFICE","FAC_STORAGE","수납·저장"
"1750335b-4100-4019-832b-2c68550f83ba","S-073","주핀","OFFICE_SUPPLY","OFFICE","OFF_STATIONERY","필기·문구"
"2fde2d15-aa84-4420-96e1-31ab62112d58","S-018","중고노트","OFFICE_SUPPLY","OFFICE","OFF_PAPER","용지·라벨"
"50c4e524-b620-4312-b33c-3b1aa3070576","S-077","즉석카메라 필름","OFFICE_SUPPLY","OFFICE","FAC_ELECTRONIC","전자·가전"
"368b687a-e71c-4455-aa82-d6f712978282","S-015","지우개","OFFICE_SUPPLY","OFFICE","OFF_STATIONERY","필기·문구"
"13e2fc1c-29c5-4bfb-971c-0e12d59aa6eb","S-014","지우개연필","OFFICE_SUPPLY","OFFICE","OFF_STATIONERY","필기·문구"
"d9778b8f-3230-4eee-ae97-16f617b86e06","S-047","책철 (70mm)","OFFICE_SUPPLY","OFFICE","OFF_FILE","파일·봉투"
"b088b8ac-e15e-4a76-85ef-f867216a7857","U-003","축의금 소봉투 (상임이사님)","OFFICE_SUPPLY","OFFICE","FAC_STORAGE","수납·저장"
"c6db5679-74ad-4609-892c-e0ff40c75c59","U-004","축의금 소봉투 (행정원장님)","OFFICE_SUPPLY","OFFICE","FAC_STORAGE","수납·저장"
"0c5a5859-d874-4b26-b9f1-f9b767f5fd44","S-068","카드링 (대)","OFFICE_SUPPLY","OFFICE","OFF_FILE","파일·봉투"
"350117a7-3f82-4e8b-9d04-fdc211ce61db","S-070","카드링 (소)","OFFICE_SUPPLY","OFFICE","OFF_FILE","파일·봉투"
"33e7ea03-cc43-4783-aac2-db3cea1f0fff","S-069","카드링 (중)","OFFICE_SUPPLY","OFFICE","OFF_FILE","파일·봉투"
"528e77fd-170d-42d0-bcb1-c1aeb4eddf73","S-061","칼라분류용라벨 검정 (12mm)","OFFICE_SUPPLY","OFFICE","OFF_PAPER","용지·라벨"
"ea69a9c0-20e7-44df-9795-5c610621b23c","S-057","칼라분류용라벨 검정 (5mm)","OFFICE_SUPPLY","OFFICE","OFF_PAPER","용지·라벨"
"53dede34-853a-4c21-8fd6-d70a8a8c90f7","S-063","칼라분류용라벨 노랑 (12mm)","OFFICE_SUPPLY","OFFICE","OFF_PAPER","용지·라벨"
"6a8eb04a-6918-459d-8b81-0aee9f345026","S-059","칼라분류용라벨 노랑 (5mm)","OFFICE_SUPPLY","OFFICE","OFF_PAPER","용지·라벨"
"6201f8de-c67a-485e-9b93-73ef1901b6bd","S-062","칼라분류용라벨 빨강 (12mm)","OFFICE_SUPPLY","OFFICE","OFF_PAPER","용지·라벨"
"00e48848-9e6c-44aa-9661-2f88e8674ebe","S-058","칼라분류용라벨 빨강 (5mm)","OFFICE_SUPPLY","OFFICE","OFF_PAPER","용지·라벨"
"2befae97-45f7-497c-bd7b-dca844a9b1ba","S-060","칼라분류용라벨 파랑 (12mm)","OFFICE_SUPPLY","OFFICE","OFF_PAPER","용지·라벨"
"c036f355-8d7e-49a8-8fe2-2f8d46716d8e","S-056","칼라분류용라벨 파랑 (5mm)","OFFICE_SUPPLY","OFFICE","OFF_PAPER","용지·라벨"
"80cb02fe-4793-40a2-90b8-df02677f9733","U-009","컨설트용지","OFFICE_SUPPLY","OFFICE","OFF_PAPER","용지·라벨"
"a16f1898-fb38-414c-b1cd-ddc27ba7241a","S-106","클리어화일 검정 (100매)","OFFICE_SUPPLY","OFFICE","OFF_FILE","파일·봉투"
"07c7dde3-9e61-485a-b0d2-c7a10350267c","S-096","클리어화일 검정 (20매)","OFFICE_SUPPLY","OFFICE","OFF_FILE","파일·봉투"
"2938da26-4c9f-43f1-8d91-f14489b20bed","S-115","클리어화일 검정 (40매)","OFFICE_SUPPLY","OFFICE","OFF_FILE","파일·봉투"
"9a9fd68b-965c-4b4f-8617-dc541e018cdf","S-101","클리어화일 검정 (80매)","OFFICE_SUPPLY","OFFICE","OFF_FILE","파일·봉투"
"14edbd4e-255b-47f6-a214-f7df1d4592bb","S-104","클리어화일 노랑 (100매)","OFFICE_SUPPLY","OFFICE","OFF_FILE","파일·봉투"
"5580cb7b-be16-4241-96fe-2f6e95b30250","S-094","클리어화일 노랑 (20매)","OFFICE_SUPPLY","OFFICE","OFF_FILE","파일·봉투"
"2e33bb7b-c910-40a0-8194-9145322c66e5","S-113","클리어화일 노랑 (40매)","OFFICE_SUPPLY","OFFICE","OFF_FILE","파일·봉투"
"0ad0571d-b00a-432f-896e-35d74cc0cb97","S-099","클리어화일 노랑 (80매)","OFFICE_SUPPLY","OFFICE","OFF_FILE","파일·봉투"
"1b00c688-fb88-42a2-8ae7-f54aacfcd4d6","S-102","클리어화일 분홍 (100매)","OFFICE_SUPPLY","OFFICE","OFF_FILE","파일·봉투"
"109ed1d2-3038-4ae9-a413-c879f8cda14b","S-092","클리어화일 분홍 (20매)","OFFICE_SUPPLY","OFFICE","OFF_FILE","파일·봉투"
"750ee75e-b3a5-403d-8945-c449cbde7700","S-111","클리어화일 분홍 (40매)","OFFICE_SUPPLY","OFFICE","OFF_FILE","파일·봉투"
"67470306-eb82-415e-b3f3-dc448e0b37d0","S-097","클리어화일 분홍 (80매)","OFFICE_SUPPLY","OFFICE","OFF_FILE","파일·봉투"
"6ef836d3-5cf7-48ab-ab6a-8425717cb2ce","S-108","클리어화일 속지","OFFICE_SUPPLY","OFFICE","OFF_FILE","파일·봉투"
"01428a85-aa32-4ab8-bc12-c1aa773287bd","S-103","클리어화일 연두 (100매)","OFFICE_SUPPLY","OFFICE","OFF_FILE","파일·봉투"
"c559fc31-3962-46a0-9b07-646c8f6b3c7e","S-093","클리어화일 연두 (20매)","OFFICE_SUPPLY","OFFICE","OFF_FILE","파일·봉투"
"df4cdf19-423d-445d-83de-7fa1f7cb1b2a","S-112","클리어화일 연두 (40매)","OFFICE_SUPPLY","OFFICE","OFF_FILE","파일·봉투"
"be7c57b8-7121-4676-99c4-e99127323e4f","S-098","클리어화일 연두 (80매)","OFFICE_SUPPLY","OFFICE","OFF_FILE","파일·봉투"
"c7d46bbe-2c86-4b8d-b5d8-88f2f3a59fbb","S-105","클리어화일 파랑 (100매)","OFFICE_SUPPLY","OFFICE","OFF_FILE","파일·봉투"
"e02ec854-ebad-4170-84ec-b7aa5cd17636","S-095","클리어화일 파랑 (20매)","OFFICE_SUPPLY","OFFICE","OFF_FILE","파일·봉투"
"40e7c58d-7453-4afe-88e6-16d505fbbc59","S-114","클리어화일 파랑 (40매)","OFFICE_SUPPLY","OFFICE","OFF_FILE","파일·봉투"
"95303ed8-9fb0-4447-add0-fb6a9fac12bd","S-100","클리어화일 파랑 (80매)","OFFICE_SUPPLY","OFFICE","OFF_FILE","파일·봉투"
"6b16b727-3fee-4e59-9e7a-70f2c35abee4","S-002","투명테이프 (1절)","OFFICE_SUPPLY","OFFICE","OFF_OTHER","legacy-OFFICE_SUPPLY"
"22971408-96cc-4aeb-9f0d-62f3620d45ad","S-003","투명테이프 (3절)","OFFICE_SUPPLY","OFFICE","OFF_OTHER","legacy-OFFICE_SUPPLY"
"5f1f9920-3782-4bee-ad73-cefd387519c9","S-019","포스트잇","OFFICE_SUPPLY","OFFICE","OFF_PAPER","용지·라벨"
"4bd34efb-9326-4eb4-b480-6e01517ee31c","S-065","포스트잇 (102*152)","OFFICE_SUPPLY","OFFICE","OFF_PAPER","용지·라벨"
"4e23218c-6704-491d-90d7-ee653139b655","S-066","포스트잇 (50*15)","OFFICE_SUPPLY","OFFICE","OFF_PAPER","용지·라벨"
"f0691f8b-6026-4e78-acfc-4b23c17811f9","S-049","포스트잇 플래그 (44*6)","OFFICE_SUPPLY","OFFICE","OFF_PAPER","용지·라벨"
"002bcffc-1592-4e0b-8ad6-e292c35ccc5b","S-090","폼텍라벨 (LS-3130)","OFFICE_SUPPLY","OFFICE","OFF_PAPER","용지·라벨"
"554d2265-9221-4597-9cff-eeca12010383","S-091","프리미엄 잉크젯 전용지 (A4)","OFFICE_SUPPLY","OFFICE","OFF_PAPER","용지·라벨"
"7df98190-f94a-4d35-a9d1-db2fa4885cf1","U-010","혈액수혈처방전","OFFICE_SUPPLY","OFFICE","OFF_PAPER","용지·라벨"
"24cba4ac-e149-45a2-b09b-08ff8b779d27","S-027","형광펜 (노랑)","OFFICE_SUPPLY","OFFICE","OFF_STATIONERY","필기·문구"
"67836b29-c5cf-431a-a2b9-0f843971df43","S-026","형광펜 (연두)","OFFICE_SUPPLY","OFFICE","OFF_STATIONERY","필기·문구"
"04b550ca-d886-496a-9e05-3629c9c1de9c","S-028","형광펜 (파랑)","OFFICE_SUPPLY","OFFICE","OFF_STATIONERY","필기·문구"